Date,Day,month,Time,Timestamp,waterlvl_ijmuiden_cm,tide_direction,tide_bool,DOY,Observer name,Location [bridge name],Bridge width (m),Segment_width,Bridge_ID,segment_ID,Duration [min],Sunlight (hrs),Rainfall (mm),Rainfall Length (hr),Wind speed average (m/s),Windspeed max per hour / max wind gusts (m/s),Wind direction (°),Wind direction,PETf,PSf,EPSf,PO Hardf,PO Softf,MLf,Otherf,PET,PS,EPS,PO Hard,PO Soft,ML,Other,Total counted,Item flux [n/min],itemflux_plastic,Item flux [n/hour],Items/hour/m,,Day of the Week,Tourist numbers estimated for lockdown periods,Tourist numbers after covid,Comments,,,,
23-Feb-21,3,1,,,,,,54,Nona,Geldersekade,7,7,4,1,15,4.8,0,0,5.7,9,191,S,0,0,0,0,4,4,8,0,0,0,0,1,1,2,4,0.266666667,8,16,2.285714286,,Tuesday,78,78,,,,total hrs spent staring at water,37.08333333
23-Feb-21,3,1,,,,,,54,Nona,Oudezijdskolkbrug,4,4,5,1,15,4.8,0,0,5.7,9,191,S,0,4,0,0,20,16,28,0,1,0,0,5,4,7,17,1.133333333,40,68,17,,Tuesday,78,78,,,,,
23-Feb-21,3,1,,,,,,54,Nona,Piet Heinkade A,16.67,5.556666667,6,1,15,4.8,0,0,5.7,9,191,S,0,0,0,0,0,0,0,0,0,0,0,0,0,0,0,0,0,0,0,,Tuesday,78,78,,,,,
23-Feb-21,3,1,,,,,,54,Nona,Piet Heinkade B,16.67,5.556666667,6,2,15,4.8,0,0,5.7,9,191,S,0,0,0,0,4,4,20,0,0,0,0,1,1,5,7,0.466666667,8,28,5.038992202,,Tuesday,78,78,,,,,
23-Feb-21,3,1,,,,,,54,Nona,Piet Heinkade C,16.67,5.556666667,6,3,15,4.8,0,0,5.7,9,191,S,0,0,0,0,0,0,0,0,0,0,0,0,0,0,0,0,0,0,0,,Tuesday,78,78,,,,,
23-Feb-21,3,1,,,,,,54,Nona,GBB A,15.67,5.223333333,2,1,15,4.8,0,0,5.7,9,191,S,0,0,0,0,8,0,4,0,0,0,0,2,0,1,3,0.2,8,12,2.297383535,,Tuesday,78,78,,,,,
23-Feb-21,3,1,,,,,,54,Nona,GBB B,15.67,5.223333333,2,2,15,4.8,0,0,5.7,9,191,S,0,0,0,0,4,0,4,0,0,0,0,1,0,1,2,0.133333333,4,8,1.531589024,,Tuesday,78,78,,,,,
23-Feb-21,3,1,,,,,,54,Nona,GBB C,15.67,5.223333333,2,3,15,4.8,0,0,5.7,9,191,S,0,0,0,0,12,0,24,0,0,0,0,3,0,6,9,0.6,12,36,6.892150606,,Tuesday,78,78,,,,,
23-Feb-21,3,1,,,,,,54,Nona,Westerkanaal,14,14,1,1,15,4.8,0,0,5.7,9,191,S,4,4,0,0,96,20,24,1,1,0,0,24,5,6,37,2.466666667,124,148,10.57142857,,Tuesday,78,78,,,,,
23-Feb-21,3,1,,,,,,54,Nona,Westertoegang A,14,7,3,1,15,4.8,0,0,5.7,9,191,S,0,0,0,0,8,0,20,0,0,0,0,2,0,5,7,0.466666667,8,28,4,,Tuesday,78,78,,,,,
23-Feb-21,3,1,,,,,,54,Nona,Westertoegang B,14,7,3,2,15,4.8,0,0,5.7,9,191,S,0,0,28,0,0,0,8,0,0,7,0,0,0,2,9,0.6,28,36,5.142857143,,Tuesday,78,78,,,,,
02-Mar-21,3,2,,,,,,61,Nona,Geldersekade,7,7,4,1,10,9.7,0,0,2.8,4,77,ENE,0,0,0,0,0,0,0,0,0,0,0,0,0,0,0,0,0,0,0,,Tuesday,95,95,,,,,
02-Mar-21,3,2,,,,,,61,Nona,Oudezijdskolkbrug,4,4,5,1,10,9.7,0,0,2.8,4,77,ENE,0,0,0,0,0,0,0,0,0,0,0,0,0,0,0,0,0,0,0,,Tuesday,95,95,,,,,
02-Mar-21,3,2,,,,,,61,Nona,Piet Heinkade A,16.67,5.556666667,6,1,5,9.7,0,0,2.8,4,77,ENE,0,0,0,0,12,0,0,0,0,0,0,1,0,0,1,0.2,12,12,2.159568086,,Tuesday,95,95,,,,,
02-Mar-21,3,2,,,,,,61,Nona,Piet Heinkade B,16.67,5.556666667,6,2,5,9.7,0,0,2.8,4,77,ENE,0,0,0,0,0,0,24,0,0,0,0,0,0,2,2,0.4,0,24,4.319136173,,Tuesday,95,95,,,,,
02-Mar-21,3,2,,,,,,61,Nona,Piet Heinkade C,16.67,5.556666667,6,3,5,9.7,0,0,2.8,4,77,ENE,0,0,0,0,0,0,0,0,0,0,0,0,0,0,0,0,0,0,0,,Tuesday,95,95,,,,,
02-Mar-21,3,2,,,,,,61,Nona,GBB A,15.67,5.223333333,2,1,5,9.7,0,0,2.8,4,77,ENE,0,0,0,0,36,72,0,0,0,0,0,3,6,0,9,1.8,108,108,20.67645182,,Tuesday,95,95,,,,,
02-Mar-21,3,2,,,,,,61,Nona,GBB B,15.67,5.223333333,2,2,5,9.7,0,0,2.8,4,77,ENE,0,0,0,0,24,0,0,0,0,0,0,2,0,0,2,0.4,24,24,4.594767071,,Tuesday,95,95,,,,,
02-Mar-21,3,2,,,,,,61,Nona,GBB C,15.67,5.223333333,2,3,5,9.7,0,0,2.8,4,77,ENE,0,0,0,0,0,0,0,0,0,0,0,0,0,0,0,0,0,0,0,,Tuesday,95,95,,,,,
02-Mar-21,3,2,,,,,,61,Nona,Westerkanaal,14,14,1,1,10,9.7,0,0,2.8,4,77,ENE,0,0,0,0,0,6,0,0,0,0,0,0,1,0,1,0.1,6,6,0.428571429,,Tuesday,95,95,,,,,
02-Mar-21,3,2,,,,,,61,Nona,Westertoegang A,14,7,3,1,5,9.7,0,0,2.8,4,77,ENE,0,0,0,0,12,24,36,0,0,0,0,1,2,3,6,1.2,36,72,10.28571429,,Tuesday,95,95,,,,,
02-Mar-21,3,2,,,,,,61,Nona,Westertoegang B,14,7,3,2,5,9.7,0,0,2.8,4,77,ENE,0,0,0,0,0,0,0,0,0,0,0,0,0,0,0,0,0,0,0,,Tuesday,95,95,,,,,
10-Mar-21,4,2,,,,,,69,Nona,Geldersekade,7,7,4,1,10,0,4,5.6,7.6,13,191,S,0,0,0,0,30,6,18,0,0,0,0,5,1,3,9,0.9,36,54,7.714285714,,Wednesday,95,95,,,,,
10-Mar-21,4,2,,,,,,69,Nona,Oudezijdskolkbrug,4,4,5,1,10,0,4,5.6,7.6,13,191,S,0,0,6,0,12,0,24,0,0,1,0,2,0,4,7,0.7,18,42,10.5,,Wednesday,95,95,,,,,
10-Mar-21,4,2,,,,,,69,Nona,Piet Heinkade A,16.67,5.556666667,6,1,5,0,4,5.6,7.6,13,191,S,0,0,0,0,36,36,0,0,0,0,0,3,3,0,6,1.2,72,72,12.95740852,,Wednesday,95,95,,,,,
10-Mar-21,4,2,,,,,,69,Nona,Piet Heinkade B,16.67,5.556666667,6,2,5,0,4,5.6,7.6,13,191,S,0,0,0,0,0,24,48,0,0,0,0,0,2,4,6,1.2,24,72,12.95740852,,Wednesday,95,95,,,,,
10-Mar-21,4,2,,,,,,69,Nona,Piet Heinkade C,16.67,5.556666667,6,3,5,0,4,5.6,7.6,13,191,S,0,0,12,0,0,0,12,0,0,1,0,0,0,1,2,0.4,12,24,4.319136173,,Wednesday,95,95,,,,,
10-Mar-21,4,2,,,,,,69,Nona,GBB A,15.67,5.223333333,2,1,5,0,4,5.6,7.6,13,191,S,0,0,0,0,0,12,0,0,0,0,0,0,1,0,1,0.2,12,12,2.297383535,,Wednesday,95,95,,,,,
10-Mar-21,4,2,,,,,,69,Nona,GBB B,15.67,5.223333333,2,2,5,0,4,5.6,7.6,13,191,S,0,0,0,0,0,0,0,0,0,0,0,0,0,0,0,0,0,0,0,,Wednesday,95,95,,,,,
10-Mar-21,4,2,,,,,,69,Nona,GBB C,15.67,5.223333333,2,3,5,0,4,5.6,7.6,13,191,S,0,0,0,0,0,0,0,0,0,0,0,0,0,0,0,0,0,0,0,,Wednesday,95,95,,,,,
10-Mar-21,4,2,,,,,,69,Nona,Westerkanaal,14,14,1,1,10,0,4,5.6,7.6,13,191,S,0,12,6,24,72,30,6,0,2,1,4,12,5,1,25,2.5,144,150,10.71428571,,Wednesday,95,95,,,,,
10-Mar-21,4,2,,,,,,69,Nona,Westertoegang A,14,7,3,1,5,0,4,5.6,7.6,13,191,S,0,0,12,12,48,36,48,0,0,1,1,4,3,4,13,2.6,108,156,22.28571429,,Wednesday,95,95,,,,,
10-Mar-21,4,2,,,,,,69,Nona,Westertoegang B,14,7,3,2,5,0,4,5.6,7.6,13,191,S,12,0,48,24,12,12,72,1,0,4,2,1,1,6,15,3,108,180,25.71428571,,Wednesday,95,95,,,,,
16-Mar-21,3,2,,,,,,75,Nona,Geldersekade,7,7,4,1,10,0,6.7,12.3,3.7,6,305,WNW,0,0,0,0,0,6,0,0,0,0,0,0,1,0,1,0.1,6,6,0.857142857,,Tuesday,95,95,,,,,
16-Mar-21,3,2,,,,,,75,Nona,Oudezijdskolkbrug,4,4,5,1,10,0,6.7,12.3,3.7,6,305,WNW,0,0,6,0,18,12,18,0,0,1,0,3,2,3,9,0.9,36,54,13.5,,Tuesday,95,95,,,,,
16-Mar-21,3,2,,,,,,75,Nona,Piet Heinkade A,16.67,5.556666667,6,1,5,0,6.7,12.3,3.7,6,305,WNW,0,0,0,0,12,0,0,0,0,0,0,1,0,0,1,0.2,12,12,2.159568086,,Tuesday,95,95,,,,,
16-Mar-21,3,2,,,,,,75,Nona,Piet Heinkade B,16.67,5.556666667,6,2,5,0,6.7,12.3,3.7,6,305,WNW,0,0,0,0,0,0,12,0,0,0,0,0,0,1,1,0.2,0,12,2.159568086,,Tuesday,95,95,,,,,
16-Mar-21,3,2,,,,,,75,Nona,Piet Heinkade C,16.67,5.556666667,6,3,5,0,6.7,12.3,3.7,6,305,WNW,0,0,12,0,0,0,12,0,0,1,0,0,0,1,2,0.4,12,24,4.319136173,,Tuesday,95,95,,,,,
16-Mar-21,3,2,,,,,,75,Nona,GBB A,15.67,5.223333333,2,1,5,0,6.7,12.3,3.7,6,305,WNW,0,0,0,0,12,12,0,0,0,0,0,1,1,0,2,0.4,24,24,4.594767071,,Tuesday,95,95,,,,,
16-Mar-21,3,2,,,,,,75,Nona,GBB B,15.67,5.223333333,2,2,5,0,6.7,12.3,3.7,6,305,WNW,0,0,0,0,0,24,12,0,0,0,0,0,2,1,3,0.6,24,36,6.892150606,,Tuesday,95,95,,,,,
16-Mar-21,3,2,,,,,,75,Nona,GBB C,15.67,5.223333333,2,3,5,0,6.7,12.3,3.7,6,305,WNW,0,0,0,0,12,12,12,0,0,0,0,1,1,1,3,0.6,24,36,6.892150606,,Tuesday,95,95,,,,,
16-Mar-21,3,2,,,,,,75,Nona,Westerkanaal,14,14,1,1,10,0,6.7,12.3,3.7,6,305,WNW,0,0,0,0,12,6,6,0,0,0,0,2,1,1,4,0.4,18,24,1.714285714,,Tuesday,95,95,,,,,
16-Mar-21,3,2,,,,,,75,Nona,Westertoegang A,14,7,3,1,5,0,6.7,12.3,3.7,6,305,WNW,0,0,0,0,0,0,0,0,0,0,0,0,0,0,0,0,0,0,0,,Tuesday,95,95,,,,,
16-Mar-21,3,2,,,,,,75,Nona,Westertoegang B,14,7,3,2,5,0,6.7,12.3,3.7,6,305,WNW,0,0,0,0,0,0,12,0,0,0,0,0,0,1,1,0.2,0,12,1.714285714,,Tuesday,95,95,,,,,
22-Mar-21,2,2,,,,,,81,Nona,Geldersekade,7,7,4,1,5,2.4,0,0,2.8,4,313,WNW,0,0,0,0,0,0,0,0,0,0,0,0,0,0,0,0,0,0,0,,Monday,95,95,,,,,
22-Mar-21,2,2,,,,,,81,Nona,Oudezijdskolkbrug,4,4,5,1,5,2.4,0,0,2.8,4,313,WNW,0,0,0,0,12,12,48,0,0,0,0,1,1,4,6,1.2,24,72,18,,Monday,95,95,,,,,
22-Mar-21,2,2,,,,,,81,Nona,Piet Heinkade A,16.67,5.556666667,6,1,5,2.4,0,0,2.8,4,313,WNW,0,12,0,0,0,0,0,0,1,0,0,0,0,0,1,0.2,12,12,2.159568086,,Monday,95,95,,,,,
22-Mar-21,2,2,,,,,,81,Nona,Piet Heinkade B,16.67,5.556666667,6,2,5,2.4,0,0,2.8,4,313,WNW,0,0,0,0,0,12,0,0,0,0,0,0,1,0,1,0.2,12,12,2.159568086,,Monday,95,95,,,,,
22-Mar-21,2,2,,,,,,81,Nona,Piet Heinkade C,16.67,5.556666667,6,3,5,2.4,0,0,2.8,4,313,WNW,0,0,0,0,12,0,0,0,0,0,0,1,0,0,1,0.2,12,12,2.159568086,,Monday,95,95,,,,,
22-Mar-21,2,2,,,,,,81,Nona,GBB A,15.67,5.223333333,2,1,5,2.4,0,0,2.8,4,313,WNW,0,0,0,0,24,0,0,0,0,0,0,2,0,0,2,0.4,24,24,4.594767071,,Monday,95,95,,,,,
22-Mar-21,2,2,,,,,,81,Nona,GBB B,15.67,5.223333333,2,2,5,2.4,0,0,2.8,4,313,WNW,0,0,0,0,36,12,0,0,0,0,0,3,1,0,4,0.8,48,48,9.189534142,,Monday,95,95,,,,,
22-Mar-21,2,2,,,,,,81,Nona,GBB C,15.67,5.223333333,2,3,5,2.4,0,0,2.8,4,313,WNW,0,0,0,0,12,0,0,0,0,0,0,1,0,0,1,0.2,12,12,2.297383535,,Monday,95,95,,,,,
22-Mar-21,2,2,,,,,,81,Nona,Westerkanaal,14,14,1,1,10,2.4,0,0,2.8,4,313,WNW,0,0,0,0,0,6,0,0,0,0,0,0,1,0,1,0.1,6,6,0.428571429,,Monday,95,95,,,,,
22-Mar-21,2,2,,,,,,81,Nona,Westertoegang A,14,7,3,1,5,2.4,0,0,2.8,4,313,WNW,0,0,0,0,0,0,0,0,0,0,0,0,0,0,0,0,0,0,0,,Monday,95,95,,,,,
22-Mar-21,2,2,,,,,,81,Nona,Westertoegang B,14,7,3,2,5,2.4,0,0,2.8,4,313,WNW,0,0,0,0,24,12,0,0,0,0,0,2,1,0,3,0.6,36,36,5.142857143,,Monday,95,95,,,,,
30-Mar-21,3,2,,,,,,89,Nona,Geldersekade,7,7,4,1,10,11.6,0,0,2.4,4,157,SE,0,0,6,0,30,18,0,0,0,1,0,5,3,0,9,0.9,54,54,7.714285714,,Tuesday,95,95,,,,,
30-Mar-21,3,2,,,,,,89,Nona,Oudezijdskolkbrug,4,4,5,1,5,11.6,0,0,2.4,4,157,SE,0,0,0,0,12,12,0,0,0,0,0,1,1,0,2,0.4,24,24,6,,Tuesday,95,95,,,,,
30-Mar-21,3,2,,,,,,89,Nona,Piet Heinkade A,16.67,5.556666667,6,1,5,11.6,0,0,2.4,4,157,SE,0,0,12,12,12,0,24,0,0,1,1,1,0,2,5,1,36,60,10.79784043,,Tuesday,95,95,,,,,
30-Mar-21,3,2,,,,,,89,Nona,Piet Heinkade B,16.67,5.556666667,6,2,5,11.6,0,0,2.4,4,157,SE,0,0,0,0,0,12,12,0,0,0,0,0,1,1,2,0.4,12,24,4.319136173,,Tuesday,95,95,,,,,
30-Mar-21,3,2,,,,,,89,Nona,Piet Heinkade C,16.67,5.556666667,6,3,5,11.6,0,0,2.4,4,157,SE,0,0,0,0,12,24,12,0,0,0,0,1,2,1,4,0.8,36,48,8.638272346,,Tuesday,95,95,,,,,
30-Mar-21,3,2,,,,,,89,Nona,GBB A,15.67,5.223333333,2,1,5,11.6,0,0,2.4,4,157,SE,0,12,0,0,12,0,0,0,1,0,0,1,0,0,2,0.4,24,24,4.594767071,,Tuesday,95,95,,,,,
30-Mar-21,3,2,,,,,,89,Nona,GBB B,15.67,5.223333333,2,2,5,11.6,0,0,2.4,4,157,SE,0,0,0,0,12,24,12,0,0,0,0,1,2,1,4,0.8,36,48,9.189534142,,Tuesday,95,95,,,,,
30-Mar-21,3,2,,,,,,89,Nona,GBB C,15.67,5.223333333,2,3,5,11.6,0,0,2.4,4,157,SE,0,0,0,0,0,0,24,0,0,0,0,0,0,2,2,0.4,0,24,4.594767071,,Tuesday,95,95,,,,,
30-Mar-21,3,2,,,,,,89,Nona,Westerkanaal,14,14,1,1,10,11.6,0,0,2.4,4,157,SE,6,0,12,12,90,54,12,1,0,2,2,15,9,2,31,3.1,174,186,13.28571429,,Tuesday,95,95,last day curfew,,,,
30-Mar-21,3,2,,,,,,89,Nona,Westertoegang A,14,7,3,1,5,11.6,0,0,2.4,4,157,SE,0,0,12,0,24,12,24,0,0,1,0,2,1,2,6,1.2,48,72,10.28571429,,Tuesday,95,95,,,,,
30-Mar-21,3,2,,,,,,89,Nona,Westertoegang B,14,7,3,2,5,11.6,0,0,2.4,4,157,SE,48,12,48,0,12,48,48,4,1,4,0,1,4,4,18,3.6,168,216,30.85714286,,Tuesday,95,95,,,,,
09-Apr-21,6,3,,,,,,99,Nona,Geldersekade,7,7,4,1,5,7.8,0,0,5.4,8,253,WSW,0,0,0,0,36,12,12,0,0,0,0,3,1,1,5,1,48,60,8.571428571,,Friday,63,63,,,,,
09-Apr-21,6,3,,,,,,99,Nona,Oudezijdskolkbrug,4,4,5,1,5,7.8,0,0,5.4,8,253,WSW,0,0,0,0,0,0,12,0,0,0,0,0,0,1,1,0.2,0,12,3,,Friday,63,63,,,,,
09-Apr-21,6,3,,,,,,99,Nona,Piet Heinkade A,16.67,5.556666667,6,1,5,7.8,0,0,5.4,8,253,WSW,0,0,0,0,12,24,12,0,0,0,0,1,2,1,4,0.8,36,48,8.638272346,,Friday,63,63,,,,,
09-Apr-21,6,3,,,,,,99,Nona,Piet Heinkade B,16.67,5.556666667,6,2,5,7.8,0,0,5.4,8,253,WSW,0,0,0,0,0,0,0,0,0,0,0,0,0,0,0,0,0,0,0,,Friday,63,63,,,,,
09-Apr-21,6,3,,,,,,99,Nona,Piet Heinkade C,16.67,5.556666667,6,3,5,7.8,0,0,5.4,8,253,WSW,0,0,0,0,0,0,0,0,0,0,0,0,0,0,0,0,0,0,0,,Friday,63,63,,,,,
09-Apr-21,6,3,,,,,,99,Nona,GBB A,15.67,5.223333333,2,1,5,7.8,0,0,5.4,8,253,WSW,0,0,0,0,24,0,12,0,0,0,0,2,0,1,3,0.6,24,36,6.892150606,,Friday,63,63,,,,,
09-Apr-21,6,3,,,,,,99,Nona,GBB B,15.67,5.223333333,2,2,5,7.8,0,0,5.4,8,253,WSW,0,0,0,0,0,0,0,0,0,0,0,0,0,0,0,0,0,0,0,,Friday,63,63,,,,,
09-Apr-21,6,3,,,,,,99,Nona,GBB C,15.67,5.223333333,2,3,5,7.8,0,0,5.4,8,253,WSW,0,0,0,0,12,0,0,0,0,0,0,1,0,0,1,0.2,12,12,2.297383535,,Friday,63,63,,,,,
09-Apr-21,6,3,,,,,,99,Nona,Westerkanaal,14,14,1,1,10,7.8,0,0,5.4,8,253,WSW,0,0,0,0,0,0,0,0,0,0,0,0,0,0,0,0,0,0,0,,Friday,63,63,,,,,
09-Apr-21,6,3,,,,,,99,Nona,Westertoegang A,14,7,3,1,5,7.8,0,0,5.4,8,253,WSW,0,0,0,0,12,12,0,0,0,0,0,1,1,0,2,0.4,24,24,3.428571429,,Friday,63,63,,,,,
09-Apr-21,6,3,,,,,,99,Nona,Westertoegang B,14,7,3,2,5,7.8,0,0,5.4,8,253,WSW,0,0,0,0,0,0,0,0,0,0,0,0,0,0,0,0,0,0,0,,Friday,63,63,,,,,
13-Apr-21,3,3,,,,,,103,Nona,Geldersekade,7,7,4,1,5,11.6,0,0,3.2,5,292,W,0,0,0,0,0,0,0,0,0,0,0,0,0,0,0,0,0,0,0,,Tuesday,63,63,,,,,
13-Apr-21,3,3,,,,,,103,Nona,Oudezijdskolkbrug,4,4,5,1,5,11.6,0,0,3.2,5,292,W,0,0,0,0,12,24,24,0,0,0,0,1,2,2,5,1,36,60,15,,Tuesday,63,63,,,,,
13-Apr-21,3,3,,,,,,103,Nona,Piet Heinkade A,16.67,5.556666667,6,1,5,11.6,0,0,3.2,5,292,W,0,0,0,0,0,12,0,0,0,0,0,0,1,0,1,0.2,12,12,2.159568086,,Tuesday,63,63,,,,,
13-Apr-21,3,3,,,,,,103,Nona,Piet Heinkade B,16.67,5.556666667,6,2,5,11.6,0,0,3.2,5,292,W,0,0,0,0,48,12,0,0,0,0,0,4,1,0,5,1,60,60,10.79784043,,Tuesday,63,63,,,,,
13-Apr-21,3,3,,,,,,103,Nona,Piet Heinkade C,16.67,5.556666667,6,3,5,11.6,0,0,3.2,5,292,W,0,0,0,0,0,0,0,0,0,0,0,0,0,0,0,0,0,0,0,,Tuesday,63,63,,,,,
13-Apr-21,3,3,,,,,,103,Nona,GBB A,15.67,5.223333333,2,1,5,11.6,0,0,3.2,5,292,W,0,0,0,0,0,0,12,0,0,0,0,0,0,1,1,0.2,0,12,2.297383535,,Tuesday,63,63,,,,,
13-Apr-21,3,3,,,,,,103,Nona,GBB B,15.67,5.223333333,2,2,5,11.6,0,0,3.2,5,292,W,0,12,12,0,12,0,24,0,1,1,0,1,0,2,5,1,36,60,11.48691768,,Tuesday,63,63,,,,,
13-Apr-21,3,3,,,,,,103,Nona,GBB C,15.67,5.223333333,2,3,5,11.6,0,0,3.2,5,292,W,0,0,0,0,36,0,12,0,0,0,0,3,0,1,4,0.8,36,48,9.189534142,,Tuesday,63,63,,,,,
13-Apr-21,3,3,,,,,,103,Nona,Westerkanaal,14,14,1,1,10,11.6,0,0,3.2,5,292,W,0,0,6,18,42,24,6,0,0,1,3,7,4,1,16,1.6,90,96,6.857142857,,Tuesday,63,63,,,,,
13-Apr-21,3,3,,,,,,103,Nona,Westertoegang A,14,7,3,1,5,11.6,0,0,3.2,5,292,W,0,0,0,0,0,12,0,0,0,0,0,0,1,0,1,0.2,12,12,1.714285714,,Tuesday,63,63,,,,,
13-Apr-21,3,3,,,,,,103,Nona,Westertoegang B,14,7,3,2,5,11.6,0,0,3.2,5,292,W,0,0,0,0,36,12,0,0,0,0,0,3,1,0,4,0.8,48,48,6.857142857,,Tuesday,63,63,,,,,
20-Apr-21,3,3,,,,,,110,Nona,Geldersekade,7,7,4,1,5,8.9,0,0,2.1,5,10,N,0,0,0,0,12,0,0,0,0,0,0,1,0,0,1,0.2,12,12,1.714285714,,Tuesday,63,63,,,,,
20-Apr-21,3,3,,,,,,110,Nona,Oudezijdskolkbrug,4,4,5,1,5,8.9,0,0,2.1,5,10,N,0,0,0,12,0,0,0,0,0,0,1,0,0,0,1,0.2,12,12,3,,Tuesday,63,63,,,,,
20-Apr-21,3,3,,,,,,110,Nona,Piet Heinkade A,16.67,5.556666667,6,1,5,8.9,0,0,2.1,5,10,N,0,0,0,0,0,0,0,0,0,0,0,0,0,0,0,0,0,0,0,,Tuesday,63,63,,,,,
20-Apr-21,3,3,,,,,,110,Nona,Piet Heinkade B,16.67,5.556666667,6,2,5,8.9,0,0,2.1,5,10,N,0,0,0,0,0,0,0,0,0,0,0,0,0,0,0,0,0,0,0,,Tuesday,63,63,,,,,
20-Apr-21,3,3,,,,,,110,Nona,Piet Heinkade C,16.67,5.556666667,6,3,5,8.9,0,0,2.1,5,10,N,12,0,0,0,0,0,0,1,0,0,0,0,0,0,1,0.2,12,12,2.159568086,,Tuesday,63,63,,,,,
20-Apr-21,3,3,,,,,,110,Nona,GBB A,15.67,5.223333333,2,1,5,8.9,0,0,2.1,5,10,N,0,0,0,0,24,0,0,0,0,0,0,2,0,0,2,0.4,24,24,4.594767071,,Tuesday,63,63,,,,,
20-Apr-21,3,3,,,,,,110,Nona,GBB B,15.67,5.223333333,2,2,5,8.9,0,0,2.1,5,10,N,0,0,0,0,0,0,0,0,0,0,0,0,0,0,0,0,0,0,0,,Tuesday,63,63,,,,,
20-Apr-21,3,3,,,,,,110,Nona,GBB C,15.67,5.223333333,2,3,5,8.9,0,0,2.1,5,10,N,0,0,24,0,0,0,0,0,0,2,0,0,0,0,2,0.4,24,24,4.594767071,,Tuesday,63,63,,,,,
20-Apr-21,3,3,,,,,,110,Nona,Westerkanaal,14,14,1,1,10,8.9,0,0,2.1,5,10,N,6,0,0,0,18,0,6,1,0,0,0,3,0,1,5,0.5,24,30,2.142857143,,Tuesday,63,63,,,,,
20-Apr-21,3,3,,,,,,110,Nona,Westertoegang A,14,7,3,1,5,8.9,0,0,2.1,5,10,N,0,0,0,0,0,0,0,0,0,0,0,0,0,0,0,0,0,0,0,,Tuesday,63,63,,,,,
20-Apr-21,3,3,,,,,,110,Nona,Westertoegang B,14,7,3,2,5,8.9,0,0,2.1,5,10,N,0,0,0,0,0,0,0,0,0,0,0,0,0,0,0,0,0,0,0,,Tuesday,63,63,,,,,
28-Apr-21,4,3,,,,,,118,Nona,Geldersekade,7,7,4,1,5,7,0,0,5.6,7,44,NNE,0,0,0,0,0,0,0,0,0,0,0,0,0,0,0,0,0,0,0,,Wednesday,63,63,,,,,
28-Apr-21,4,3,,,,,,118,Nona,Oudezijdskolkbrug,4,4,5,1,5,7,0,0,5.6,7,44,NNE,0,0,0,0,0,0,12,0,0,0,0,0,0,1,1,0.2,0,12,3,,Wednesday,63,63,,,,,
28-Apr-21,4,3,,,,,,118,Nona,Piet Heinkade A,16.67,5.556666667,6,1,5,7,0,0,5.6,7,44,NNE,0,0,0,0,0,0,0,0,0,0,0,0,0,0,0,0,0,0,0,,Wednesday,63,63,,,,,
28-Apr-21,4,3,,,,,,118,Nona,Piet Heinkade B,16.67,5.556666667,6,2,5,7,0,0,5.6,7,44,NNE,0,0,0,0,0,0,0,0,0,0,0,0,0,0,0,0,0,0,0,,Wednesday,63,63,,,,,
28-Apr-21,4,3,,,,,,118,Nona,Piet Heinkade C,16.67,5.556666667,6,3,5,7,0,0,5.6,7,44,NNE,0,0,0,0,0,0,0,0,0,0,0,0,0,0,0,0,0,0,0,,Wednesday,63,63,,,,,
28-Apr-21,4,3,,,,,,118,Nona,GBB A,15.67,5.223333333,2,1,5,7,0,0,5.6,7,44,NNE,0,0,0,0,12,0,36,0,0,0,0,1,0,3,4,0.8,12,48,9.189534142,,Wednesday,63,63,,,,,
28-Apr-21,4,3,,,,,,118,Nona,GBB B,15.67,5.223333333,2,2,5,7,0,0,5.6,7,44,NNE,0,0,0,0,24,12,36,0,0,0,0,2,1,3,6,1.2,36,72,13.78430121,,Wednesday,63,63,,,,,
28-Apr-21,4,3,,,,,,118,Nona,GBB C,15.67,5.223333333,2,3,5,7,0,0,5.6,7,44,NNE,0,0,0,0,0,0,0,0,0,0,0,0,0,0,0,0,0,0,0,,Wednesday,63,63,,,,,
28-Apr-21,4,3,,,,,,118,Nona,Westerkanaal,14,14,1,1,10,7,0,0,5.6,7,44,NNE,0,0,6,0,6,0,6,0,0,1,0,1,0,1,3,0.3,12,18,1.285714286,,Wednesday,63,63,,,,,
28-Apr-21,4,3,,,,,,118,Nona,Westertoegang A,14,7,3,1,5,7,0,0,5.6,7,44,NNE,0,0,0,0,0,0,0,0,0,0,0,0,0,0,0,0,0,0,0,,Wednesday,63,63,,,,,
28-Apr-21,4,3,,,,,,118,Nona,Westertoegang B,14,7,3,2,5,7,0,0,5.6,7,44,NNE,0,0,0,0,0,0,0,0,0,0,0,0,0,0,0,0,0,0,0,,Wednesday,63,63,,,,,
12-May-21,4,4,,,,,,132,Nona,Geldersekade,7,7,4,1,5,11.5,0.4,0.9,3,6,266,WSW,0,0,12,0,24,24,12,0,0,1,0,2,2,1,6,1.2,60,72,10.28571429,,Wednesday,130,130,,,,,
12-May-21,4,4,,,,,,132,Nona,Oudezijdskolkbrug,4,4,5,1,10,11.5,0.4,0.9,3,6,266,WSW,6,0,6,12,30,24,18,1,0,1,2,5,4,3,16,1.6,78,96,24,,Wednesday,130,130,,,,,
12-May-21,4,4,,,,,,132,Nona,Piet Heinkade A,16.67,5.556666667,6,1,5,11.5,0.4,0.9,3,6,266,WSW,0,0,0,36,24,0,0,0,0,0,3,2,0,0,5,1,60,60,10.79784043,,Wednesday,130,130,,,,,
12-May-21,4,4,,,,,,132,Nona,Piet Heinkade B,16.67,5.556666667,6,2,5,11.5,0.4,0.9,3,6,266,WSW,0,0,12,12,0,0,0,0,0,1,1,0,0,0,2,0.4,24,24,4.319136173,,Wednesday,130,130,,,,,
12-May-21,4,4,,,,,,132,Nona,Piet Heinkade C,16.67,5.556666667,6,3,5,11.5,0.4,0.9,3,6,266,WSW,0,0,0,0,0,0,0,0,0,0,0,0,0,0,0,0,0,0,0,,Wednesday,130,130,,,,,
12-May-21,4,4,,,,,,132,Nona,GBB A,15.67,5.223333333,2,1,5,11.5,0.4,0.9,3,6,266,WSW,0,0,0,0,0,0,0,0,0,0,0,0,0,0,0,0,0,0,0,,Wednesday,130,130,,,,,
12-May-21,4,4,,,,,,132,Nona,GBB B,15.67,5.223333333,2,2,5,11.5,0.4,0.9,3,6,266,WSW,0,0,0,12,24,12,0,0,0,0,1,2,1,0,4,0.8,48,48,9.189534142,,Wednesday,130,130,,,,,
12-May-21,4,4,,,,,,132,Nona,GBB C,15.67,5.223333333,2,3,5,11.5,0.4,0.9,3,6,266,WSW,0,0,0,0,0,0,12,0,0,0,0,0,0,1,1,0.2,0,12,2.297383535,,Wednesday,130,130,,,,,
12-May-21,4,4,,,,,,132,Nona,Westerkanaal,14,14,1,1,10,11.5,0.4,0.9,3,6,266,WSW,0,6,30,54,66,18,30,0,1,5,9,11,3,5,34,3.4,174,204,14.57142857,,Wednesday,130,130,day before ascension day and everything slowly opening up,,,,
12-May-21,4,4,,,,,,132,Nona,Westertoegang A,14,7,3,1,5,11.5,0.4,0.9,3,6,266,WSW,0,12,0,0,12,0,0,0,1,0,0,1,0,0,2,0.4,24,24,3.428571429,,Wednesday,130,130,,,,,
12-May-21,4,4,,,,,,132,Nona,Westertoegang B,14,7,3,2,5,11.5,0.4,0.9,3,6,266,WSW,0,0,0,0,12,12,24,0,0,0,0,1,1,2,4,0.8,24,48,6.857142857,,Wednesday,130,130,,,,,
07-Jun-21,2,5,15:46,15,90,outflow,1,158,Finn Begemann,GBB A,15.67,5.223333333,2,1,5,15.3,0,0,4,8,40,NNE,0,0,0,0,48,24,12,0,0,0,0,4,2,1,7,1.4,72,84,16.08168475,,Monday,1200,575,,,,14,
07-Jun-21,2,5,15:51,15,89,outflow,1,158,Finn Begemann,GBB B,15.67,5.223333333,2,2,5,15.3,0,0,4,8,40,NNE,0,0,0,0,24,0,0,0,0,0,0,2,0,0,2,0.4,24,24,4.594767071,,Monday,1200,575,,,,14,
07-Jun-21,2,5,15:56,15,88,outflow,1,158,Finn Begemann,GBB C,15.67,5.223333333,2,3,5,15.3,0,0,4,8,40,NNE,0,0,0,0,24,0,0,0,0,0,0,2,0,0,2,0.4,24,24,4.594767071,,Monday,1200,575,,,,14,
07-Jun-21,2,5,16:51,16,74,outflow,1,158,Finn Begemann,Geldersekade,7,7,4,1,5,15.3,0,0,4,7,60,NE,0,0,0,0,0,12,0,0,0,0,0,0,1,0,1,0.2,12,12,1.714285714,,Monday,1200,575,,,,14,
07-Jun-21,2,5,16:57,16,72,outflow,1,158,Finn Begemann,Oudezijdskolkbrug,4,4,5,1,5,15.3,0,0,4,7,60,NE,0,0,0,12,0,36,12,0,0,0,1,0,3,1,5,1,48,60,15,,Monday,1200,575,,,,14,
07-Jun-21,2,5,16:31,16,81,outflow,1,158,Finn Begemann,Piet Heinkade A,16.67,5.556666667,6,1,5,15.3,0,0,4,7,60,NE,0,0,0,0,0,0,0,0,0,0,0,0,0,0,0,0,0,0,0,,Monday,1200,575,,,,14,
07-Jun-21,2,5,16:36,16,79,outflow,1,158,Finn Begemann,Piet Heinkade B,16.67,5.556666667,6,2,5,15.3,0,0,4,7,60,NE,0,0,0,0,12,0,0,0,0,0,0,1,0,0,1,0.2,12,12,2.159568086,,Monday,1200,575,,,,14,
07-Jun-21,2,5,16:41,16,77,outflow,1,158,Finn Begemann,Piet Heinkade C,16.67,5.556666667,6,3,5,15.3,0,0,4,7,60,NE,0,0,0,0,0,0,0,0,0,0,0,0,0,0,0,0,0,0,0,,Monday,1200,575,,,,14,
07-Jun-21,2,5,16:07,16,86,outflow,1,158,Finn Begemann,Westerkanaal,14,14,1,1,5,15.3,0,0,4,7,60,NE,0,0,0,0,12,0,0,0,0,0,0,1,0,0,1,0.2,12,12,0.857142857,,Monday,1200,575,,,,14,
07-Jun-21,2,5,16:17,16,85,outflow,1,158,Finn Begemann,Westertoegang A,14,7,3,1,5,15.3,0,0,4,7,60,NE,0,0,0,0,12,0,0,0,0,0,0,1,0,0,1,0.2,12,12,1.714285714,,Monday,1200,575,,,,14,
07-Jun-21,2,5,16:22,16,83,outflow,1,158,Finn Begemann,Westertoegang B,14,7,3,2,5,15.3,0,0,4,7,60,NE,0,0,0,0,0,0,0,0,0,0,0,0,0,0,0,0,0,0,0,,Monday,1200,575,,,,14,
20-Jun-21,1,5,13:23,13,70,outflow,1,171,Finn Begemann,GBB A,15.67,5.223333333,2,1,5,6.3,16.3,2.8,3,6,300,WNW,0,0,0,0,12,0,0,0,0,0,0,1,0,0,1,0.2,12,12,2.297383535,,Sunday,1200,575,,,,14,
20-Jun-21,1,5,13:23,13,70,outflow,1,171,Finn Begemann,GBB B,15.67,5.223333333,2,2,5,6.3,16.3,2.8,3,6,300,WNW,0,0,0,0,24,12,12,0,0,0,0,2,1,1,4,0.8,36,48,9.189534142,,Sunday,1200,575,,,,14,
20-Jun-21,1,5,13:28,13,68,outflow,1,171,Finn Begemann,GBB C,15.67,5.223333333,2,3,5,6.3,16.3,2.8,3,6,300,WNW,0,0,0,12,48,0,60,0,0,0,1,4,0,5,10,2,60,120,22.97383535,,Sunday,1200,575,,,,14,
20-Jun-21,1,5,14:03,14,58,outflow,1,171,Finn Begemann,Geldersekade,7,7,4,1,5,6.3,16.3,2.8,4,7,280,W,0,0,0,0,36,12,0,0,0,0,0,3,1,0,4,0.8,48,48,6.857142857,,Sunday,1200,575,,,,14,
20-Jun-21,1,5,14:08,14,56,outflow,1,171,Finn Begemann,Oudezijdskolkbrug,4,4,5,1,5,6.3,16.3,2.8,4,7,280,W,36,0,12,0,12,0,36,3,0,1,0,1,0,3,8,1.6,60,96,24,,Sunday,1200,575,,,,14,
20-Jun-21,1,5,13:47,13,63,outflow,1,171,Finn Begemann,Piet Heinkade A,16.67,5.556666667,6,1,5,6.3,16.3,2.8,3,6,300,WNW,0,0,0,0,24,12,0,0,0,0,0,2,1,0,3,0.6,36,36,6.478704259,,Sunday,1200,575,,,,14,
20-Jun-21,1,5,13:47,13,63,outflow,1,171,Finn Begemann,Piet Heinkade B,16.67,5.556666667,6,2,5,6.3,16.3,2.8,3,6,300,WNW,0,0,0,0,24,0,0,0,0,0,0,2,0,0,2,0.4,24,24,4.319136173,,Sunday,1200,575,,,,14,
20-Jun-21,1,5,13:53,13,61,outflow,1,171,Finn Begemann,Piet Heinkade C,16.67,5.556666667,6,3,5,6.3,16.3,2.8,3,6,300,WNW,0,0,0,0,12,0,12,0,0,0,0,1,0,1,2,0.4,12,24,4.319136173,,Sunday,1200,575,,,,14,
20-Jun-21,1,5,13:13,13,71,outflow,1,171,Finn Begemann,Westerkanaal,14,14,1,1,5,6.3,16.3,2.8,3,6,300,WNW,0,0,0,36,24,24,24,0,0,0,3,2,2,2,9,1.8,84,108,7.714285714,,Sunday,1200,575,,,,14,
20-Jun-21,1,5,13:37,13,65,outflow,1,171,Finn Begemann,Westertoegang A,14,7,3,1,5,6.3,16.3,2.8,3,6,300,WNW,0,0,0,12,36,12,48,0,0,0,1,3,1,4,9,1.8,60,108,15.42857143,,Sunday,1200,575,,,,14,
20-Jun-21,1,5,13:37,13,65,outflow,1,171,Finn Begemann,Westertoegang B,14,7,3,2,5,6.3,16.3,2.8,3,6,300,WNW,0,0,0,0,60,36,48,0,0,0,0,5,3,4,12,2.4,96,144,20.57142857,,Sunday,1200,575,,,,14,
08-Jul-21,5,6,17:04,17,66,outflow,1,189,Finn Begemann,GBB A,15.67,5.223333333,2,1,5,10.1,0,0,5,8,260,WSW,0,0,0,0,60,0,12,0,0,0,0,5,0,1,6,1.2,60,72,13.78430121,,Thursday,1200,1248,,,,14,
08-Jul-21,5,6,17:09,17,64,outflow,1,189,Finn Begemann,GBB B,15.67,5.223333333,2,2,5,10.1,0,0,5,8,260,WSW,0,0,0,0,12,0,12,0,0,0,0,1,0,1,2,0.4,12,24,4.594767071,,Thursday,1200,1248,6 big foam,,,14,
08-Jul-21,5,6,17:15,17,62,outflow,1,189,Finn Begemann,GBB C,15.67,5.223333333,2,3,5,10.1,0,0,5,8,260,WSW,0,0,0,0,0,0,0,0,0,0,0,0,0,0,0,0,0,0,0,,Thursday,1200,1248,,,,14,
08-Jul-21,5,6,17:58,17,50,outflow,1,189,Finn Begemann,Geldersekade,7,7,4,1,5,10.1,0,0,5,8,260,WSW,0,0,0,12,24,24,36,0,0,0,1,2,2,3,8,1.6,60,96,13.71428571,,Thursday,1200,1248,super oily compared to before corona,,,14,
08-Jul-21,5,6,18:04,18,48,outflow,1,189,Finn Begemann,Oudezijdskolkbrug,4,4,5,1,5,10.1,0,0,4,7,290,W,0,0,0,0,0,0,0,0,0,0,0,0,0,0,0,0,0,0,0,,Thursday,1200,1248,almost no move,,,14,
08-Jul-21,5,6,17:38,17,56,outflow,1,189,Finn Begemann,Piet Heinkade A,16.67,5.556666667,6,1,5,10.1,0,0,5,8,260,WSW,0,0,0,0,12,0,0,0,0,0,0,1,0,0,1,0.2,12,12,2.159568086,,Thursday,1200,1248,almost no move,,,14,
08-Jul-21,5,6,17:43,17,54,outflow,1,189,Finn Begemann,Piet Heinkade B,16.67,5.556666667,6,2,5,10.1,0,0,5,8,260,WSW,0,0,0,0,0,0,0,0,0,0,0,0,0,0,0,0,0,0,0,,Thursday,1200,1248,almost no m ove,,,14,
08-Jul-21,5,6,17:48,17,52,outflow,1,189,Finn Begemann,Piet Heinkade C,16.67,5.556666667,6,3,5,10.1,0,0,5,8,260,WSW,0,0,0,0,24,12,12,0,0,0,0,2,1,1,4,0.8,36,48,8.638272346,,Thursday,1200,1248,almost no move,,,14,
08-Jul-21,5,6,16:54,16,69,outflow,1,189,Finn Begemann,Westerkanaal,14,14,1,1,5,10.1,0,0,6,10,280,W,0,0,0,0,24,0,12,0,0,0,0,2,0,1,3,0.6,24,36,2.571428571,,Thursday,1200,1248,huge tarpaulin,,,14,
08-Jul-21,5,6,17:23,17,60,outflow,1,189,Finn Begemann,Westertoegang A,14,7,3,1,5,10.1,0,0,5,8,260,WSW,0,0,0,0,0,0,0,0,0,0,0,0,0,0,0,0,0,0,0,,Thursday,1200,1248,0 move,,,14,
08-Jul-21,5,6,17:28,17,59,outflow,1,189,Finn Begemann,Westertoegang B,14,7,3,2,5,10.1,0,0,5,8,260,WSW,0,0,0,0,0,0,0,0,0,0,0,0,0,0,0,0,0,0,0,,Thursday,1200,1248,0 move,,,14,
21-Jul-21,4,6,18:00,18,20,outflow,1,202,Finn Begemann,GBB A,15.67,5.223333333,2,1,5,11.8,0,0,4,6,320,NW,0,0,0,0,0,0,12,0,0,0,0,0,0,1,1,0.2,0,12,2.297383535,,Wednesday,400,1248,,,,12,
21-Jul-21,4,6,18:06,18,19,outflow,1,202,Finn Begemann,GBB B,15.67,5.223333333,2,2,5,11.8,0,0,4,6,320,NW,0,0,0,0,0,0,0,0,0,0,0,0,0,0,0,0,0,0,0,,Wednesday,400,1248,,,,12,
21-Jul-21,4,6,18:12,18,18,outflow,1,202,Finn Begemann,GBB C,15.67,5.223333333,2,3,5,11.8,0,0,4,6,320,NW,0,0,0,0,12,0,0,0,0,0,0,1,0,0,1,0.2,12,12,2.297383535,,Wednesday,400,1248,,,,12,
21-Jul-21,4,6,18:54,18,8,outflow,1,202,Finn Begemann,Geldersekade,7,7,4,1,5,11.8,0,0,4,6,320,NW,0,0,0,0,0,0,0,0,0,0,0,0,0,0,0,0,0,0,0,,Wednesday,400,1248,,,,12,
21-Jul-21,4,6,18:48,18,10,outflow,1,202,Finn Begemann,Oudezijdskolkbrug,4,4,5,1,5,11.8,0,0,4,6,320,NW,12,0,0,0,0,0,12,1,0,0,0,0,0,1,2,0.4,12,24,6,,Wednesday,400,1248,,,,12,
21-Jul-21,4,6,18:31,18,14,outflow,1,202,Finn Begemann,Piet Heinkade A,16.67,5.556666667,6,1,5,11.8,0,0,4,6,320,NW,0,0,0,0,0,0,0,0,0,0,0,0,0,0,0,0,0,0,0,,Wednesday,400,1248,,,,12,
21-Jul-21,4,6,18:36,18,13,outflow,1,202,Finn Begemann,Piet Heinkade B,16.67,5.556666667,6,2,5,11.8,0,0,4,6,320,NW,0,0,12,0,0,0,0,0,0,1,0,0,0,0,1,0.2,12,12,2.159568086,,Wednesday,400,1248,,,,12,
21-Jul-21,4,6,18:41,18,11,outflow,1,202,Finn Begemann,Piet Heinkade C,16.67,5.556666667,6,3,5,11.8,0,0,4,6,320,NW,0,0,0,0,12,0,0,0,0,0,0,1,0,0,1,0.2,12,12,2.159568086,,Wednesday,400,1248,,,,12,
21-Jul-21,4,6,17:48,17,22,outflow,1,202,Finn Begemann,Westerkanaal,14,14,1,1,5,11.8,0,0,4,6,300,WNW,0,12,0,12,0,0,0,0,1,0,1,0,0,0,2,0.4,24,24,1.714285714,,Wednesday,400,1248,,,,12,
21-Jul-21,4,6,18:17,18,17,outflow,1,202,Finn Begemann,Westertoegang A,14,7,3,1,5,11.8,0,0,4,6,320,NW,0,0,0,0,24,0,0,0,0,0,0,2,0,0,2,0.4,24,24,3.428571429,,Wednesday,400,1248,,,,12,
21-Jul-21,4,6,18:22,18,16,outflow,1,202,Finn Begemann,Westertoegang B,14,7,3,2,5,11.8,0,0,4,6,320,NW,0,0,0,0,12,12,0,0,0,0,0,1,1,0,2,0.4,24,24,3.428571429,,Wednesday,400,1248,,,,12,
28-Jul-21,4,6,17:22,17,-50,inflow,0,209,Finn Begemann,GBB A,15.67,5.223333333,2,1,5,5.1,4.8,1.3,11,16,240,SW,0,0,0,0,0,0,0,0,0,0,0,0,0,0,0,0,0,0,0,,Wednesday,400,1248,,,,34,
28-Jul-21,4,6,17:27,17,-48,inflow,0,209,Finn Begemann,GBB B,15.67,5.223333333,2,2,5,5.1,4.8,1.3,11,16,240,SW,0,0,0,12,24,0,0,0,0,0,1,2,0,0,3,0.6,36,36,6.892150606,,Wednesday,400,1248,,,,34,
28-Jul-21,4,6,17:32,17,-46,inflow,0,209,Finn Begemann,GBB C,15.67,5.223333333,2,3,5,5.1,4.8,1.3,11,16,240,SW,0,0,12,0,108,84,24,0,0,1,0,9,7,2,19,3.8,204,228,43.65028717,,Wednesday,400,1248,dead bird 2x,,,34,
28-Jul-21,4,6,18:13,18,-33,inflow,0,209,Finn Begemann,Oudezijdskolkbrug,4,4,5,1,5,5.1,4.8,1.3,11,17,230,SW,0,12,0,24,48,36,60,0,1,0,2,4,3,5,15,3,120,180,45,,Wednesday,400,1248,lots of oil layer,,,34,
28-Jul-21,4,6,17:54,17,-40,inflow,0,209,Finn Begemann,Piet Heinkade A,16.67,5.556666667,6,1,5,5.1,4.8,1.3,11,16,240,SW,0,0,0,0,0,0,12,0,0,0,0,0,0,1,1,0.2,0,12,2.159568086,,Wednesday,400,1248,#,,,34,
28-Jul-21,4,6,17:59,17,-38,inflow,0,209,Finn Begemann,Piet Heinkade B,16.67,5.556666667,6,2,5,5.1,4.8,1.3,11,16,240,SW,0,0,0,0,12,0,0,0,0,0,0,1,0,0,1,0.2,12,12,2.159568086,,Wednesday,400,1248,,,,34,
28-Jul-21,4,6,18:04,18,-36,inflow,0,209,Finn Begemann,Piet Heinkade C,16.67,5.556666667,6,3,5,5.1,4.8,1.3,11,17,230,SW,0,0,0,0,0,0,0,0,0,0,0,0,0,0,0,0,0,0,0,,Wednesday,400,1248,,,,34,
28-Jul-21,4,6,17:12,17,-53,inflow,0,209,Finn Begemann,Westerkanaal,14,14,1,1,5,5.1,4.8,1.3,11,16,240,SW,0,0,0,0,0,0,0,0,0,0,0,0,0,0,0,0,0,0,0,,Wednesday,400,1248,,,,34,
28-Jul-21,4,6,17:40,17,-43,inflow,0,209,Finn Begemann,Westertoegang A,14,7,3,1,5,5.1,4.8,1.3,11,16,240,SW,0,0,12,0,12,0,0,0,0,1,0,1,0,0,2,0.4,24,24,3.428571429,,Wednesday,400,1248,baggy again,,,34,
28-Jul-21,4,6,17:45,17,-42,inflow,0,209,Finn Begemann,Westertoegang B,14,7,3,2,5,5.1,4.8,1.3,11,16,240,SW,0,0,0,0,48,12,24,0,0,0,0,4,1,2,7,1.4,60,84,12,,Wednesday,400,1248,baggy again,,,34,
25-Aug-21,4,7,16:26,16,-48,outflow,1,237,Finn Begemann,GBB A,15.67,5.223333333,2,1,5,6.4,0.1,0.2,6,9,320,NW,0,0,0,0,12,0,0,0,0,0,0,1,0,0,1,0.2,12,12,2.297383535,,Wednesday,1200,1152,wind pushin plastic along GBB away from basket,,,17,
25-Aug-21,4,7,16:31,16,-50,inflow,0,237,Finn Begemann,GBB B,15.67,5.223333333,2,2,5,6.4,0.1,0.2,6,9,320,NW,0,0,0,0,12,36,0,0,0,0,0,1,3,0,4,0.8,48,48,9.189534142,,Wednesday,1200,1152,,,,17,
25-Aug-21,4,7,16:36,16,-49,inflow,0,237,Finn Begemann,GBB C,15.67,5.223333333,2,3,5,6.4,0.1,0.2,6,9,320,NW,0,0,0,0,48,12,12,0,0,0,0,4,1,1,6,1.2,60,72,13.78430121,,Wednesday,1200,1152,weak bubbles all the way at the right looking towards IJ letting debris through,,,17,
25-Aug-21,4,7,17:23,17,-36,inflow,0,237,Finn Begemann,Geldersekade,7,7,4,1,5,6.4,0.1,0.2,5,8,320,NW,0,0,0,0,0,0,0,0,0,0,0,0,0,0,0,0,0,0,0,,Wednesday,1200,1152,flow to AMS bc wind,,,17,
25-Aug-21,4,7,17:17,17,-37,inflow,0,237,Finn Begemann,Oudezijdskolkbrug,4,4,5,1,5,6.4,0.1,0.2,5,8,320,NW,0,0,0,0,0,0,24,0,0,0,0,0,0,2,2,0.4,0,24,6,,Wednesday,1200,1152,still,,,17,
25-Aug-21,4,7,16:58,16,-43,inflow,0,237,Finn Begemann,Piet Heinkade A,16.67,5.556666667,6,1,5,6.4,0.1,0.2,6,9,320,NW,0,0,0,0,0,0,0,0,0,0,0,0,0,0,0,0,0,0,0,,Wednesday,1200,1152,little movement,,,17,
25-Aug-21,4,7,17:03,17,-41,inflow,0,237,Finn Begemann,Piet Heinkade B,16.67,5.556666667,6,2,5,6.4,0.1,0.2,5,8,320,NW,0,0,0,0,0,0,0,0,0,0,0,0,0,0,0,0,0,0,0,,Wednesday,1200,1152,little movement,,,17,
25-Aug-21,4,7,17:08,17,-40,inflow,0,237,Finn Begemann,Piet Heinkade C,16.67,5.556666667,6,3,5,6.4,0.1,0.2,5,8,320,NW,0,0,0,0,0,0,0,0,0,0,0,0,0,0,0,0,0,0,0,,Wednesday,1200,1152,little movement,,,17,
25-Aug-21,4,7,16:16,16,-47,inflow,0,237,Finn Begemann,Westerkanaal,14,14,1,1,5,6.4,0.1,0.2,6,9,320,NW,0,0,0,0,0,0,0,0,0,0,0,0,0,0,0,0,0,0,0,,Wednesday,1200,1152,flow to AMS bc wind,,,17,
25-Aug-21,4,7,16:44,16,-46,outflow,1,237,Finn Begemann,Westertoegang A,14,7,3,1,5,6.4,0.1,0.2,6,9,320,NW,0,0,0,0,48,48,0,0,0,0,0,4,4,0,8,1.6,96,96,13.71428571,,Wednesday,1200,1152,almost still slightly sideways,,,17,
25-Aug-21,4,7,16:49,16,-44,outflow,1,237,Finn Begemann,Westertoegang B,14,7,3,2,5,6.4,0.1,0.2,6,9,320,NW,0,0,0,0,0,0,0,0,0,0,0,0,0,0,0,0,0,0,0,,Wednesday,1200,1152,almost still slightly sideways,,,17,
08-Sep-21,4,8,15:31,15,-53,inflow,0,251,Finn Begemann,GBB A,15.67,5.223333333,2,1,5,12.2,0,0,4,7,130,ESE,0,0,0,0,0,0,0,0,0,0,0,0,0,0,0,0,0,0,0,,Wednesday,1200,725,no flow,,,13,
08-Sep-21,4,8,15:31,15,-53,inflow,0,251,Finn Begemann,GBB B,15.67,5.223333333,2,2,5,12.2,0,0,4,7,130,ESE,0,12,0,0,12,0,0,0,1,0,0,1,0,0,2,0.4,24,24,4.594767071,,Wednesday,1200,725,no flow,,,13,
08-Sep-21,4,8,15:37,15,-52,inflow,0,251,Finn Begemann,GBB C,15.67,5.223333333,2,3,5,12.2,0,0,4,7,130,ESE,0,0,0,0,0,0,0,0,0,0,0,0,0,0,0,0,0,0,0,,Wednesday,1200,725,no flow,,,13,
08-Sep-21,4,8,16:11,16,-42,inflow,0,251,Finn Begemann,Geldersekade,7,7,4,1,5,12.2,0,0,4,7,130,ESE,0,0,0,12,36,0,0,0,0,0,1,3,0,0,4,0.8,48,48,6.857142857,,Wednesday,1200,725,,,,13,
08-Sep-21,4,8,16:11,16,-42,inflow,0,251,Finn Begemann,Oudezijdskolkbrug,4,4,5,1,5,12.2,0,0,4,7,130,ESE,0,0,0,0,24,0,0,0,0,0,0,2,0,0,2,0.4,24,24,6,,Wednesday,1200,725,,,,13,
08-Sep-21,4,8,15:56,15,-47,inflow,0,251,Finn Begemann,Piet Heinkade A,16.67,5.556666667,6,1,5,12.2,0,0,4,7,130,ESE,0,0,0,0,0,0,0,0,0,0,0,0,0,0,0,0,0,0,0,,Wednesday,1200,725,,,,13,
08-Sep-21,4,8,15:56,15,-47,inflow,0,251,Finn Begemann,Piet Heinkade B,16.67,5.556666667,6,2,5,12.2,0,0,4,7,130,ESE,0,0,0,0,0,0,0,0,0,0,0,0,0,0,0,0,0,0,0,,Wednesday,1200,725,,,,13,
08-Sep-21,4,8,16:02,16,-44,inflow,0,251,Finn Begemann,Piet Heinkade C,16.67,5.556666667,6,3,5,12.2,0,0,4,7,130,ESE,0,0,0,0,0,0,0,0,0,0,0,0,0,0,0,0,0,0,0,,Wednesday,1200,725,,,,13,
08-Sep-21,4,8,15:20,15,-54,outflow,1,251,Finn Begemann,Westerkanaal,14,14,1,1,5,12.2,0,0,4,7,130,ESE,0,0,0,0,12,0,0,0,0,0,0,1,0,0,1,0.2,12,12,0.857142857,,Wednesday,1200,725,,,,13,
08-Sep-21,4,8,15:45,15,-50,inflow,0,251,Finn Begemann,Westertoegang A,14,7,3,1,5,12.2,0,0,4,7,130,ESE,0,0,0,0,12,0,0,0,0,0,0,1,0,0,1,0.2,12,12,1.714285714,,Wednesday,1200,725,,,,13,
08-Sep-21,4,8,15:45,15,-50,inflow,0,251,Finn Begemann,Westertoegang B,14,7,3,2,5,12.2,0,0,4,7,130,ESE,0,0,0,0,0,0,0,0,0,0,0,0,0,0,0,0,0,0,0,,Wednesday,1200,725,,,,13,
15-Sep-21,4,8,11:01,11,73,inflow,0,258,Finn Begemann,GBB A,15.67,5.223333333,2,1,5,0.6,0,0,4,6,230,SW,0,0,0,0,24,0,0,0,0,0,0,2,0,0,2,0.4,24,24,4.594767071,,Wednesday,1200,725,,,,19,
15-Sep-21,4,8,11:11,11,70,outflow,1,258,Finn Begemann,GBB B,15.67,5.223333333,2,2,5,0.6,0,0,4,6,230,SW,0,0,0,0,0,12,12,0,0,0,0,0,1,1,2,0.4,12,24,4.594767071,,Wednesday,1200,725,,,,19,
15-Sep-21,4,8,11:21,11,67,outflow,1,258,Finn Begemann,GBB C,15.67,5.223333333,2,3,5,0.6,0,0,4,6,230,SW,0,0,0,0,0,0,0,0,0,0,0,0,0,0,0,0,0,0,0,,Wednesday,1200,725,,,,19,
15-Sep-21,4,8,11:01,11,73,inflow,0,258,Finn Begemann,GBB A,15.67,5.223333333,2,1,5,0.6,0,0,4,6,230,SW,0,12,0,0,12,0,0,0,1,0,0,1,0,0,2,0.4,24,24,4.594767071,,Wednesday,1200,725,,,,19,
15-Sep-21,4,8,11:11,11,70,outflow,1,258,Finn Begemann,GBB B,15.67,5.223333333,2,2,5,0.6,0,0,4,6,230,SW,0,0,0,0,0,12,12,0,0,0,0,0,1,1,2,0.4,12,24,4.594767071,,Wednesday,1200,725,,,,19,
15-Sep-21,4,8,11:21,11,67,outflow,1,258,Finn Begemann,GBB C,15.67,5.223333333,2,3,5,0.6,0,0,4,6,230,SW,0,0,0,0,0,12,0,0,0,0,0,0,1,0,1,0.2,12,12,2.297383535,,Wednesday,1200,725,,,,19,
15-Sep-21,4,8,12:56,12,,outflow,1,258,Finn Begemann,Geldersekade,7,7,4,1,5,0.6,0,0,4,6,280,W,0,0,0,0,12,12,0,0,0,0,0,1,1,0,2,0.4,24,24,3.428571429,,Wednesday,1200,725,almost no flow,,,19,
15-Sep-21,4,8,12:56,12,,outflow,1,258,Finn Begemann,Geldersekade,7,7,4,1,5,0.6,0,0,4,6,280,W,0,0,0,0,0,0,12,0,0,0,0,0,0,1,1,0.2,0,12,1.714285714,,Wednesday,1200,725,almost no flow,,,19,
15-Sep-21,4,8,12:45,12,,outflow,1,258,Finn Begemann,Oudezijdskolkbrug,4,4,5,1,5,0.6,0,0,4,6,280,W,12,0,12,0,36,36,96,1,0,1,0,3,3,8,16,3.2,96,192,48,,Wednesday,1200,725,,,,19,
15-Sep-21,4,8,12:45,12,,outflow,1,258,Finn Begemann,Oudezijdskolkbrug,4,4,5,1,5,0.6,0,0,4,6,280,W,12,0,0,12,96,144,204,1,0,0,1,8,12,17,39,7.8,264,468,117,,Wednesday,1200,725,,,,19,
15-Sep-21,4,8,12:10,12,,outflow,1,258,Finn Begemann,Piet Heinkade A,16.67,5.556666667,6,1,5,0.6,0,0,4,6,280,W,0,0,0,0,0,12,24,0,0,0,0,0,1,2,3,0.6,12,36,6.478704259,,Wednesday,1200,725,,,,19,
15-Sep-21,4,8,12:20,12,,outflow,1,258,Finn Begemann,Piet Heinkade B,16.67,5.556666667,6,2,5,0.6,0,0,4,6,280,W,0,0,0,0,0,0,0,0,0,0,0,0,0,0,0,0,0,0,0,,Wednesday,1200,725,,,,19,
15-Sep-21,4,8,12:30,12,,outflow,1,258,Finn Begemann,Piet Heinkade C,16.67,5.556666667,6,3,5,0.6,0,0,4,6,280,W,0,0,0,0,0,0,0,0,0,0,0,0,0,0,0,0,0,0,0,,Wednesday,1200,725,,,,19,
15-Sep-21,4,8,12:10,12,,outflow,1,258,Finn Begemann,Piet Heinkade A,16.67,5.556666667,6,1,5,0.6,0,0,4,6,280,W,0,0,0,0,0,12,24,0,0,0,0,0,1,2,3,0.6,12,36,6.478704259,,Wednesday,1200,725,,,,19,
15-Sep-21,4,8,12:20,12,,outflow,1,258,Finn Begemann,Piet Heinkade B,16.67,5.556666667,6,2,5,0.6,0,0,4,6,280,W,0,0,0,0,0,0,0,0,0,0,0,0,0,0,0,0,0,0,0,,Wednesday,1200,725,,,,19,
15-Sep-21,4,8,12:30,12,,outflow,1,258,Finn Begemann,Piet Heinkade C,16.67,5.556666667,6,3,5,0.6,0,0,4,6,280,W,0,0,0,0,0,0,0,0,0,0,0,0,0,0,0,0,0,0,0,,Wednesday,1200,725,,,,19,
15-Sep-21,4,8,10:47,10,,inflow,0,258,Finn Begemann,Westerkanaal,14,14,1,1,5,0.6,0,0,4,6,240,SW,0,0,0,12,12,24,12,0,0,0,1,1,2,1,5,1,48,60,4.285714286,,Wednesday,1200,725,,,,19,
15-Sep-21,4,8,10:47,10,,inflow,0,258,Finn Begemann,Westerkanaal,14,14,1,1,5,0.6,0,0,4,6,240,SW,0,12,0,0,12,36,0,0,1,0,0,1,3,0,5,1,60,60,4.285714286,,Wednesday,1200,725,,,,19,
15-Sep-21,4,8,11:46,11,,outflow,1,258,Finn Begemann,Westertoegang A,14,7,3,1,5,0.6,0,0,4,6,230,SW,0,0,0,0,36,36,36,0,0,0,0,3,3,3,9,1.8,72,108,15.42857143,,Wednesday,1200,725,,,,19,
15-Sep-21,4,8,11:56,11,,outflow,1,258,Finn Begemann,Westertoegang B,14,7,3,2,5,0.6,0,0,4,6,230,SW,0,0,0,0,48,60,24,0,0,0,0,4,5,2,11,2.2,108,132,18.85714286,,Wednesday,1200,725,,,,19,
15-Sep-21,4,8,11:46,11,,outflow,1,258,Finn Begemann,Westertoegang A,14,7,3,1,5,0.6,0,0,4,6,230,SW,0,0,36,12,12,12,12,0,0,3,1,1,1,1,7,1.4,72,84,12,,Wednesday,1200,725,,,,19,
15-Sep-21,4,8,11:56,11,,outflow,1,258,Finn Begemann,Westertoegang B,14,7,3,2,5,0.6,0,0,4,6,230,SW,12,0,0,12,12,12,48,1,0,0,1,1,1,4,8,1.6,48,96,13.71428571,,Wednesday,1200,725,,,,19,
29-Sep-21,4,8,10:09,10,,outflow,1,272,Finn Begemann,GBB A,15.67,5.223333333,2,1,5,1.5,9,6.1,5,7,270,W,0,0,0,0,0,0,12,0,0,0,0,0,0,1,1,0.2,0,12,2.297383535,,Wednesday,1200,725,,,,28,
29-Sep-21,4,8,10:19,10,,outflow,1,272,Finn Begemann,GBB B,15.67,5.223333333,2,2,5,1.5,9,6.1,5,7,270,W,0,0,0,0,0,0,0,0,0,0,0,0,0,0,0,0,0,0,0,,Wednesday,1200,725,,,,28,
29-Sep-21,4,8,10:29,10,,outflow,1,272,Finn Begemann,GBB C,15.67,5.223333333,2,3,5,1.5,9,6.1,5,7,270,W,0,0,0,0,0,0,0,0,0,0,0,0,0,0,0,0,0,0,0,,Wednesday,1200,725,,,,28,
29-Sep-21,4,8,10:09,10,,outflow,1,272,Finn Begemann,GBB A,15.67,5.223333333,2,1,5,1.5,9,6.1,5,7,270,W,0,0,0,0,0,0,12,0,0,0,0,0,0,1,1,0.2,0,12,2.297383535,,Wednesday,1200,725,,,,28,
29-Sep-21,4,8,10:19,10,,outflow,1,272,Finn Begemann,GBB B,15.67,5.223333333,2,2,5,1.5,9,6.1,5,7,270,W,0,0,0,0,0,0,0,0,0,0,0,0,0,0,0,0,0,0,0,,Wednesday,1200,725,,,,28,
29-Sep-21,4,8,10:29,10,,outflow,1,272,Finn Begemann,GBB C,15.67,5.223333333,2,3,5,1.5,9,6.1,5,7,270,W,0,0,0,0,0,0,0,0,0,0,0,0,0,0,0,0,0,0,0,,Wednesday,1200,725,,,,28,
29-Sep-21,4,8,12:15,12,,outflow,1,272,Finn Begemann,Geldersekade,7,7,4,1,5,1.5,9,6.1,6,11,270,W,0,0,0,0,0,0,0,0,0,0,0,0,0,0,0,0,0,0,0,,Wednesday,1200,725,,,,28,
29-Sep-21,4,8,12:15,12,,outflow,1,272,Finn Begemann,Geldersekade,7,7,4,1,5,1.5,9,6.1,6,11,270,W,0,0,0,0,0,0,0,0,0,0,0,0,0,0,0,0,0,0,0,,Wednesday,1200,725,,,,28,
29-Sep-21,4,8,12:04,12,,outflow,1,272,Finn Begemann,Oudezijdskolkbrug,4,4,5,1,5,1.5,9,6.1,6,11,270,W,0,0,0,0,0,0,0,0,0,0,0,0,0,0,0,0,0,0,0,,Wednesday,1200,725,,,,28,
29-Sep-21,4,8,12:04,12,,outflow,1,272,Finn Begemann,Oudezijdskolkbrug,4,4,5,1,5,1.5,9,6.1,6,11,270,W,0,0,0,0,0,0,12,0,0,0,0,0,0,1,1,0.2,0,12,3,,Wednesday,1200,725,,,,28,
29-Sep-21,4,8,11:29,11,,outflow,1,272,Finn Begemann,Piet Heinkade A,16.67,5.556666667,6,1,5,1.5,9,6.1,4,7,260,WSW,0,0,0,0,12,0,0,0,0,0,0,1,0,0,1,0.2,12,12,2.159568086,,Wednesday,1200,725,,,,28,
29-Sep-21,4,8,11:39,11,,outflow,1,272,Finn Begemann,Piet Heinkade B,16.67,5.556666667,6,2,5,1.5,9,6.1,4,7,260,WSW,0,0,0,0,0,0,0,0,0,0,0,0,0,0,0,0,0,0,0,,Wednesday,1200,725,,,,28,
29-Sep-21,4,8,11:49,11,,outflow,1,272,Finn Begemann,Piet Heinkade C,16.67,5.556666667,6,3,5,1.5,9,6.1,4,7,260,WSW,0,0,0,0,0,0,0,0,0,0,0,0,0,0,0,0,0,0,0,,Wednesday,1200,725,,,,28,
29-Sep-21,4,8,11:29,11,,outflow,1,272,Finn Begemann,Piet Heinkade A,16.67,5.556666667,6,1,5,1.5,9,6.1,4,7,260,WSW,0,0,0,0,0,0,12,0,0,0,0,0,0,1,1,0.2,0,12,2.159568086,,Wednesday,1200,725,,,,28,
29-Sep-21,4,8,11:39,11,,outflow,1,272,Finn Begemann,Piet Heinkade B,16.67,5.556666667,6,2,5,1.5,9,6.1,4,7,260,WSW,0,0,0,0,0,0,0,0,0,0,0,0,0,0,0,0,0,0,0,,Wednesday,1200,725,,,,28,
29-Sep-21,4,8,11:49,11,,outflow,1,272,Finn Begemann,Piet Heinkade C,16.67,5.556666667,6,3,5,1.5,9,6.1,4,7,260,WSW,0,0,0,0,0,0,0,0,0,0,0,0,0,0,0,0,0,0,0,,Wednesday,1200,725,,,,28,
29-Sep-21,4,8,09:56,9,,outflow,1,272,Finn Begemann,Westerkanaal,14,14,1,1,5,1.5,9,6.1,6,10,220,SSW,0,0,0,24,36,84,0,0,0,0,2,3,7,0,12,2.4,144,144,10.28571429,,Wednesday,1200,725,,,,28,
29-Sep-21,4,8,09:56,9,,outflow,1,272,Finn Begemann,Westerkanaal,14,14,1,1,5,1.5,9,6.1,6,10,220,SSW,0,0,0,12,24,120,0,0,0,0,1,2,10,0,13,2.6,156,156,11.14285714,,Wednesday,1200,725,,,,28,
29-Sep-21,4,8,11:04,11,,outflow,1,272,Finn Begemann,Westertoegang A,14,7,3,1,5,1.5,9,6.1,4,7,260,WSW,0,0,12,0,0,48,12,0,0,1,0,0,4,1,6,1.2,60,72,10.28571429,,Wednesday,1200,725,,,,28,
29-Sep-21,4,8,11:14,11,,outflow,1,272,Finn Begemann,Westertoegang B,14,7,3,2,5,1.5,9,6.1,4,7,260,WSW,0,0,0,0,0,24,24,0,0,0,0,0,2,2,4,0.8,24,48,6.857142857,,Wednesday,1200,725,,,,28,
29-Sep-21,4,8,11:04,11,,outflow,1,272,Finn Begemann,Westertoegang A,14,7,3,1,5,1.5,9,6.1,4,7,260,WSW,0,0,0,0,0,36,24,0,0,0,0,0,3,2,5,1,36,60,8.571428571,,Wednesday,1200,725,,,,28,
29-Sep-21,4,8,11:14,11,,outflow,1,272,Finn Begemann,Westertoegang B,14,7,3,2,5,1.5,9,6.1,4,7,260,WSW,0,0,0,0,0,12,12,0,0,0,0,0,1,1,2,0.4,12,24,3.428571429,,Wednesday,1200,725,,,,28,
28-Oct-21,5,9,09:02,9,,outflow,1,301,Finn Begemann,GBB A,15.67,5.223333333,2,1,5,8.7,0,0,5,8,170,SSE,0,0,0,0,0,0,0,0,0,0,0,0,0,0,0,0,0,0,0,,Thursday,1200,287,,,,20,
28-Oct-21,5,9,09:22,9,,outflow,1,301,Finn Begemann,GBB B,15.67,5.223333333,2,2,5,8.7,0,0,5,8,170,SSE,0,0,0,0,0,0,0,0,0,0,0,0,0,0,0,0,0,0,0,,Thursday,1200,287,,,,20,
28-Oct-21,5,9,09:12,9,,outflow,1,301,Finn Begemann,GBB C,15.67,5.223333333,2,3,5,8.7,0,0,5,8,170,SSE,0,0,0,0,0,0,0,0,0,0,0,0,0,0,0,0,0,0,0,,Thursday,1200,287,,,,20,
28-Oct-21,5,9,09:27,9,,outflow,1,301,Finn Begemann,GBB A,15.67,5.223333333,2,1,5,8.7,0,0,5,8,170,SSE,0,0,0,0,12,0,0,0,0,0,0,1,0,0,1,0.2,12,12,2.297383535,,Thursday,1200,287,,,,20,
28-Oct-21,5,9,09:07,9,,outflow,1,301,Finn Begemann,GBB B,15.67,5.223333333,2,2,5,8.7,0,0,5,8,170,SSE,0,0,0,0,12,0,0,0,0,0,0,1,0,0,1,0.2,12,12,2.297383535,,Thursday,1200,287,,,,20,
28-Oct-21,5,9,09:17,9,,outflow,1,301,Finn Begemann,GBB C,15.67,5.223333333,2,3,5,8.7,0,0,5,8,170,SSE,0,0,0,0,0,0,0,0,0,0,0,0,0,0,0,0,0,0,0,,Thursday,1200,287,,,,20,
28-Oct-21,5,9,10:45,10,,outflow,1,301,Finn Begemann,Geldersekade,7,7,4,1,5,8.7,0,0,6,9,160,SSE,0,0,0,0,0,0,0,0,0,0,0,0,0,0,0,0,0,0,0,,Thursday,1200,287,,,,20,
28-Oct-21,5,9,10:50,10,,outflow,1,301,Finn Begemann,Geldersekade,7,7,4,1,5,8.7,0,0,6,9,160,SSE,0,0,0,0,0,0,0,0,0,0,0,0,0,0,0,0,0,0,0,,Thursday,1200,287,,,,20,
28-Oct-21,5,9,10:56,10,,outflow,1,301,Finn Begemann,Oudezijdskolkbrug,4,4,5,2,5,8.7,0,0,6,9,160,SSE,0,0,0,0,0,0,12,0,0,0,0,0,0,1,1,0.2,0,12,3,,Thursday,1200,287,,,,20,
28-Oct-21,5,9,11:01,11,,outflow,1,301,Finn Begemann,Oudezijdskolkbrug,4,4,5,2,5,8.7,0,0,6,9,170,SSE,0,0,0,0,0,0,24,0,0,0,0,0,0,2,2,0.4,0,24,6,,Thursday,1200,287,,,,20,
28-Oct-21,5,9,10:11,10,,outflow,1,301,Finn Begemann,Piet Heinkade A,16.67,5.556666667,6,1,5,8.7,0,0,6,9,160,SSE,0,0,0,0,0,0,0,0,0,0,0,0,0,0,0,0,0,0,0,,Thursday,1200,287,,,,20,
28-Oct-21,5,9,10:31,10,,outflow,1,301,Finn Begemann,Piet Heinkade B,16.67,5.556666667,6,2,5,8.7,0,0,6,9,160,SSE,0,0,0,0,0,0,0,0,0,0,0,0,0,0,0,0,0,0,0,,Thursday,1200,287,,,,20,
28-Oct-21,5,9,10:26,10,,outflow,1,301,Finn Begemann,Piet Heinkade C,16.67,5.556666667,6,3,5,8.7,0,0,6,9,160,SSE,0,0,0,0,0,0,0,0,0,0,0,0,0,0,0,0,0,0,0,,Thursday,1200,287,,,,20,
28-Oct-21,5,9,10:36,10,,outflow,1,301,Finn Begemann,Piet Heinkade A,16.67,5.556666667,6,1,5,8.7,0,0,6,9,160,SSE,0,0,0,0,0,0,0,0,0,0,0,0,0,0,0,0,0,0,0,,Thursday,1200,287,,,,20,
28-Oct-21,5,9,10:16,10,,outflow,1,301,Finn Begemann,Piet Heinkade B,16.67,5.556666667,6,2,5,8.7,0,0,6,9,160,SSE,0,0,0,0,12,0,0,0,0,0,0,1,0,0,1,0.2,12,12,2.159568086,,Thursday,1200,287,,,,20,
28-Oct-21,5,9,10:21,10,,outflow,1,301,Finn Begemann,Piet Heinkade C,16.67,5.556666667,6,3,5,8.7,0,0,6,9,160,SSE,0,0,0,0,0,0,0,0,0,0,0,0,0,0,0,0,0,0,0,,Thursday,1200,287,,,,20,
28-Oct-21,5,9,08:48,8,,inflow,0,301,Finn Begemann,Westerkanaal,14,14,1,1,5,8.7,0,0,5,7,160,SSE,0,0,0,0,0,0,0,0,0,0,0,0,0,0,0,0,0,0,0,,Thursday,1200,287,,,,20,
28-Oct-21,5,9,08:53,8,,outflow,1,301,Finn Begemann,Westerkanaal,14,14,1,1,5,8.7,0,0,5,7,160,SSE,0,0,0,0,12,0,12,0,0,0,0,1,0,1,2,0.4,12,24,1.714285714,,Thursday,1200,287,,,,20,
28-Oct-21,5,9,09:47,9,,outflow,1,301,Finn Begemann,Westertoegang A,14,7,3,1,5,8.7,0,0,5,8,170,SSE,0,0,0,0,0,0,0,0,0,0,0,0,0,0,0,0,0,0,0,,Thursday,1200,287,,,,20,
28-Oct-21,5,9,09:57,9,,outflow,1,301,Finn Begemann,Westertoegang B,14,7,3,2,5,8.7,0,0,5,8,170,SSE,0,0,0,0,12,0,12,0,0,0,0,1,0,1,2,0.4,12,24,3.428571429,,Thursday,1200,287,,,,20,
28-Oct-21,5,9,10:02,10,,outflow,1,301,Finn Begemann,Westertoegang A,14,7,3,1,5,8.7,0,0,6,9,160,SSE,0,0,0,0,0,12,0,0,0,0,0,0,1,0,1,0.2,12,12,1.714285714,,Thursday,1200,287,,,,20,
28-Oct-21,5,9,09:52,9,,outflow,1,301,Finn Begemann,Westertoegang B,14,7,3,2,5,8.7,0,0,5,8,170,SSE,0,0,0,0,24,0,0,0,0,0,0,2,0,0,2,0.4,24,24,3.428571429,,Thursday,1200,287,,,,20,
10-Nov-21,4,10,08:01,8,,outflow,1,314,Finn Begemann,GBB A,15.67,5.223333333,2,1,5,0.2,0,0,3,4,170,SSE,0,0,0,0,0,0,0,0,0,0,0,0,0,0,0,0,0,0,0,,Wednesday,144,144,,,,10,
10-Nov-21,4,10,08:21,8,,outflow,1,314,Finn Begemann,GBB B,15.67,5.223333333,2,2,5,0.2,0,0,3,4,170,SSE,0,0,0,0,12,0,0,0,0,0,0,1,0,0,1,0.2,12,12,2.297383535,,Wednesday,144,144,,,,10,
10-Nov-21,4,10,08:16,8,,outflow,1,314,Finn Begemann,GBB C,15.67,5.223333333,2,3,5,0.2,0,0,3,4,170,SSE,0,0,0,0,0,12,0,0,0,0,0,0,1,0,1,0.2,12,12,2.297383535,,Wednesday,144,144,,,,10,
10-Nov-21,4,10,08:26,8,,outflow,1,314,Finn Begemann,GBB A,15.67,5.223333333,2,1,5,0.2,0,0,3,4,170,SSE,0,0,0,0,0,0,0,0,0,0,0,0,0,0,0,0,0,0,0,,Wednesday,144,144,,,,10,
10-Nov-21,4,10,08:06,8,,outflow,1,314,Finn Begemann,GBB B,15.67,5.223333333,2,2,5,0.2,0,0,3,4,170,SSE,0,0,0,0,0,0,0,0,0,0,0,0,0,0,0,0,0,0,0,,Wednesday,144,144,,,,10,
10-Nov-21,4,10,08:11,8,,outflow,1,314,Finn Begemann,GBB C,15.67,5.223333333,2,3,5,0.2,0,0,3,4,170,SSE,0,0,0,0,0,0,0,0,0,0,0,0,0,0,0,0,0,0,0,,Wednesday,144,144,,,,10,
10-Nov-21,4,10,09:58,9,,outflow,1,314,Finn Begemann,Geldersekade,7,7,4,1,5,0.2,0,0,2,5,170,SSE,0,0,0,0,0,0,0,0,0,0,0,0,0,0,0,0,0,0,0,,Wednesday,144,144,,,,10,
10-Nov-21,4,10,10:03,10,,outflow,1,314,Finn Begemann,Geldersekade,7,7,4,1,5,0.2,0,0,4,5,190,S,0,0,0,0,0,0,0,0,0,0,0,0,0,0,0,0,0,0,0,,Wednesday,144,144,,,,10,
10-Nov-21,4,10,09:47,9,,outflow,1,314,Finn Begemann,Oudezijdskolkbrug,4,4,5,1,5,0.2,0,0,2,5,170,SSE,0,0,0,0,0,0,0,0,0,0,0,0,0,0,0,0,0,0,0,,Wednesday,144,144,no flow ,,,10,
10-Nov-21,4,10,09:52,9,,outflow,1,314,Finn Begemann,Oudezijdskolkbrug,4,4,5,1,5,0.2,0,0,2,5,170,SSE,12,0,0,0,0,24,36,1,0,0,0,0,2,3,6,1.2,36,72,18,,Wednesday,144,144,flow increased compared to previous 5 min,,,10,
10-Nov-21,4,10,09:12,9,,outflow,1,314,Finn Begemann,Piet Heinkade A,16.67,5.556666667,6,1,5,0.2,0,0,2,5,170,SSE,0,0,0,0,0,0,0,0,0,0,0,0,0,0,0,0,0,0,0,,Wednesday,144,144,,,,10,
10-Nov-21,4,10,09:17,9,,outflow,1,314,Finn Begemann,Piet Heinkade B,16.67,5.556666667,6,2,5,0.2,0,0,2,5,170,SSE,0,0,0,0,0,0,0,0,0,0,0,0,0,0,0,0,0,0,0,,Wednesday,144,144,,,,10,
10-Nov-21,4,10,09:37,9,,outflow,1,314,Finn Begemann,Piet Heinkade C,16.67,5.556666667,6,3,5,0.2,0,0,2,5,170,SSE,0,0,0,0,0,0,0,0,0,0,0,0,0,0,0,0,0,0,0,,Wednesday,144,144,,,,10,
10-Nov-21,4,10,09:27,9,,outflow,1,314,Finn Begemann,Piet Heinkade A,16.67,5.556666667,6,1,5,0.2,0,0,2,5,170,SSE,0,0,0,0,0,0,0,0,0,0,0,0,0,0,0,0,0,0,0,,Wednesday,144,144,,,,10,
10-Nov-21,4,10,09:32,9,,outflow,1,314,Finn Begemann,Piet Heinkade B,16.67,5.556666667,6,2,5,0.2,0,0,2,5,170,SSE,0,0,0,0,0,0,0,0,0,0,0,0,0,0,0,0,0,0,0,,Wednesday,144,144,,,,10,
10-Nov-21,4,10,09:22,9,,outflow,1,314,Finn Begemann,Piet Heinkade C,16.67,5.556666667,6,3,5,0.2,0,0,2,5,170,SSE,0,0,0,0,0,0,0,0,0,0,0,0,0,0,0,0,0,0,0,,Wednesday,144,144,,,,10,
10-Nov-21,4,10,07:47,7,,outflow,1,314,Finn Begemann,Westerkanaal,14,14,1,3,5,0.2,0,0,3,4,160,SSE,0,0,12,0,0,0,0,0,0,1,0,0,0,0,1,0.2,12,12,0.857142857,,Wednesday,144,144,,,,10,
10-Nov-21,4,10,07:52,7,,outflow,1,314,Finn Begemann,Westerkanaal,14,14,1,3,5,0.2,0,0,3,4,160,SSE,0,0,0,0,0,0,0,0,0,0,0,0,0,0,0,0,0,0,0,,Wednesday,144,144,,,,10,
10-Nov-21,4,10,08:48,8,,outflow,1,314,Finn Begemann,Westertoegang A,14,7,3,1,5,0.2,0,0,3,4,170,SSE,0,0,0,0,12,12,0,0,0,0,0,1,1,0,2,0.4,24,24,3.428571429,,Wednesday,144,144,,,,10,
10-Nov-21,4,10,09:03,9,,outflow,1,314,Finn Begemann,Westertoegang B,14,7,3,2,5,0.2,0,0,2,5,170,SSE,0,0,0,0,0,12,0,0,0,0,0,0,1,0,1,0.2,12,12,1.714285714,,Wednesday,144,144,,,,10,
10-Nov-21,4,10,08:58,8,,outflow,1,314,Finn Begemann,Westertoegang A,14,7,3,1,5,0.2,0,0,3,4,170,SSE,0,0,0,0,0,0,0,0,0,0,0,0,0,0,0,0,0,0,0,,Wednesday,144,144,,,,10,
10-Nov-21,4,10,08:53,8,,outflow,1,314,Finn Begemann,Westertoegang B,14,7,3,2,5,0.2,0,0,3,4,170,SSE,0,0,0,0,12,0,0,0,0,0,0,1,0,0,1,0.2,12,12,1.714285714,,Wednesday,144,144,,,,10,
23-Nov-21,3,10,09:38,9,,outflow,1,327,Finn Begemann,GBB A,15.67,5.223333333,2,1,10,1.8,0.8,0.4,1,2,0,N,0,0,0,0,6,6,18,0,0,0,0,1,1,3,5,0.5,12,30,5.743458839,,Tuesday,144,144,,,,5,
23-Nov-21,3,10,09:38,9,,outflow,1,327,Finn Begemann,GBB B,15.67,5.223333333,2,2,10,1.8,0.8,0.4,1,2,0,N,0,0,0,0,12,0,0,0,0,0,0,2,0,0,2,0.2,12,12,2.297383535,,Tuesday,144,144,,,,5,
23-Nov-21,3,10,09:48,9,,outflow,1,327,Finn Begemann,GBB C,15.67,5.223333333,2,3,10,1.8,0.8,0.4,1,2,0,N,0,0,0,0,6,6,0,0,0,0,0,1,1,0,2,0.2,12,12,2.297383535,,Tuesday,144,144,,,,5,
23-Nov-21,3,10,10:58,10,,outflow,1,327,Finn Begemann,Geldersekade,7,7,4,1,10,1.8,0.8,0.4,2,5,340,NNW,0,0,0,0,0,0,0,0,0,0,0,0,0,0,0,0,0,0,0,,Tuesday,144,144,,,,5,
23-Nov-21,3,10,10:58,10,,outflow,1,327,Finn Begemann,Oudezijdskolkbrug,4,4,5,1,10,1.8,0.8,0.4,2,5,340,NNW,0,0,0,0,0,12,6,0,0,0,0,0,2,1,3,0.3,12,18,4.5,,Tuesday,144,144,,,,5,
23-Nov-21,3,10,10:31,10,,outflow,1,327,Finn Begemann,Piet Heinkade A,16.67,5.556666667,6,1,10,1.8,0.8,0.4,2,5,340,NNW,0,0,0,0,0,0,0,0,0,0,0,0,0,0,0,0,0,0,0,,Tuesday,144,144,,,,5,
23-Nov-21,3,10,10:31,10,,outflow,1,327,Finn Begemann,Piet Heinkade B,16.67,5.556666667,6,2,10,1.8,0.8,0.4,2,5,340,NNW,0,0,0,0,0,0,0,0,0,0,0,0,0,0,0,0,0,0,0,,Tuesday,144,144,,,,5,
23-Nov-21,3,10,10:41,10,,outflow,1,327,Finn Begemann,Piet Heinkade C,16.67,5.556666667,6,3,10,1.8,0.8,0.4,2,5,340,NNW,0,0,0,0,0,6,0,0,0,0,0,0,1,0,1,0.1,6,6,1.079784043,,Tuesday,144,144,,,,5,
23-Nov-21,3,10,09:23,9,,outflow,1,327,Finn Begemann,Westerkanaal,14,14,1,1,10,1.8,0.8,0.4,1,2,0,N,0,0,0,0,0,0,0,0,0,0,0,0,0,0,0,0,0,0,0,,Tuesday,144,144,,,,5,
23-Nov-21,3,10,10:16,10,,outflow,1,327,Finn Begemann,Westertoegang A,14,7,3,1,10,1.8,0.8,0.4,2,5,340,NNW,0,0,18,6,12,18,18,0,0,3,1,2,3,3,12,1.2,54,72,10.28571429,,Tuesday,144,144,,,,5,
23-Nov-21,3,10,10:16,10,,outflow,1,327,Finn Begemann,Westertoegang B,14,7,3,2,10,1.8,0.8,0.4,2,5,340,NNW,0,0,0,0,0,0,0,0,0,0,0,0,0,0,0,0,0,0,0,,Tuesday,144,144,,,,5,
02-Dec-21,5,11,08:46,8,,outflow,1,336,Finn Begemann,GBB A,15.67,5.223333333,2,1,10,1.6,9.2,4.7,4,9,350,NNW,0,0,0,0,6,0,6,0,0,0,0,1,0,1,2,0.2,6,12,2.297383535,,Thursday,123,123,,,,,
02-Dec-21,5,11,08:56,8,,outflow,1,336,Finn Begemann,GBB B,15.67,5.223333333,2,2,10,1.6,9.2,4.7,4,9,350,NNW,0,0,0,0,0,6,6,0,0,0,0,0,1,1,2,0.2,6,12,2.297383535,,Thursday,123,123,,,,,
02-Dec-21,5,11,09:06,9,,outflow,1,336,Finn Begemann,GBB C,15.67,5.223333333,2,3,10,1.6,9.2,4.7,2,6,260,WSW,0,0,0,0,12,6,0,0,0,0,0,2,1,0,3,0.3,18,18,3.446075303,,Thursday,123,123,,,,,
02-Dec-21,5,11,09:44,9,,outflow,1,336,Finn Begemann,Piet Heinkade A,16.67,5.556666667,6,1,10,1.6,9.2,4.7,2,6,260,WSW,0,0,0,0,0,0,0,0,0,0,0,0,0,0,0,0,0,0,0,,Thursday,123,123,,,,,
02-Dec-21,5,11,09:54,9,,outflow,1,336,Finn Begemann,Piet Heinkade B,16.67,5.556666667,6,2,10,1.6,9.2,4.7,2,6,260,WSW,0,0,0,0,0,0,0,0,0,0,0,0,0,0,0,0,0,0,0,,Thursday,123,123,,,,,
02-Dec-21,5,11,10:04,10,,outflow,1,336,Finn Begemann,Piet Heinkade C,16.67,5.556666667,6,3,10,1.6,9.2,4.7,2,6,90,E,0,0,0,0,0,0,0,0,0,0,0,0,0,0,0,0,0,0,0,,Thursday,123,123,,,,,
02-Dec-21,5,11,08:31,8,,outflow,1,336,Finn Begemann,Westerkanaal,14,14,1,1,10,1.6,9.2,4.7,4,9,350,NNW,0,0,0,6,0,0,0,0,0,0,1,0,0,0,1,0.1,6,6,0.428571429,,Thursday,123,123,,,,,
02-Dec-21,5,11,09:19,9,,outflow,1,336,Finn Begemann,Westertoegang A,14,7,3,1,10,1.6,9.2,4.7,2,6,260,WSW,0,0,0,0,12,6,0,0,0,0,0,2,1,0,3,0.3,18,18,2.571428571,,Thursday,123,123,,,,,
02-Dec-21,5,11,09:29,9,,outflow,1,336,Finn Begemann,Westertoegang B,14,7,3,2,10,1.6,9.2,4.7,2,6,260,WSW,0,0,0,0,0,0,0,0,0,0,0,0,0,0,0,0,0,0,0,,Thursday,123,123,,,,,
16-Dec-21,5,11,11:46,11,,inflow,0,350,Finn Begemann,GBB A,15.67,5.223333333,2,1,10,6.3,0,0,2,4,250,WSW,0,0,0,6,0,0,0,0,0,0,1,0,0,0,1,0.1,6,6,1.148691768,,Thursday,123,123,,,,,
16-Dec-21,5,11,11:56,11,,inflow,0,350,Finn Begemann,GBB B,15.67,5.223333333,2,2,10,6.3,0,0,2,4,250,WSW,0,0,0,0,6,6,0,0,0,0,0,1,1,0,2,0.2,12,12,2.297383535,,Thursday,123,123,,,,,
16-Dec-21,5,11,12:06,12,,inflow,0,350,Finn Begemann,GBB C,15.67,5.223333333,2,3,10,6.3,0,0,3,4,270,W,0,0,0,0,0,0,0,0,0,0,0,0,0,0,0,0,0,0,0,,Thursday,123,123,,,,,
16-Dec-21,5,11,12:56,12,,inflow,0,350,Finn Begemann,Geldersekade,7,7,4,1,5,6.3,0,0,3,4,270,W,0,0,0,0,12,0,0,0,0,0,0,1,0,0,1,0.2,12,12,1.714285714,,Thursday,123,123,,,,,
16-Dec-21,5,11,12:50,12,,inflow,0,350,Finn Begemann,Oudezijdskolkbrug,4,4,5,1,5,6.3,0,0,3,4,270,W,0,0,0,0,0,0,12,0,0,0,0,0,0,1,1,0.2,0,12,3,,Thursday,123,123,,,,,
16-Dec-21,5,11,11:25,11,,inflow,0,350,Finn Begemann,Westerkanaal,14,14,1,1,10,6.3,0,0,2,4,250,WSW,0,0,6,0,6,0,0,0,0,1,0,1,0,0,2,0.2,12,12,0.857142857,,Thursday,123,123,,,,,
16-Dec-21,5,11,12:19,12,,inflow,0,350,Finn Begemann,Westertoegang A,14,7,3,1,10,6.3,0,0,3,4,270,W,0,0,0,0,6,6,6,0,0,0,0,1,1,1,3,0.3,12,18,2.571428571,,Thursday,123,123,,,,,
16-Dec-21,5,11,12:29,12,,inflow,0,350,Finn Begemann,Westertoegang B,14,7,3,2,10,6.3,0,0,3,4,270,W,0,0,0,0,0,6,6,0,0,0,0,0,1,1,2,0.2,6,12,1.714285714,,Thursday,123,123,,,,,
13-Jan-22,5,12,12:06,12,,inflow,0,13,Finn Begemann,GBB A,15.67,5.223333333,2,1,10,1,0,0,5,7,230,SW,0,0,0,0,12,0,6,0,0,0,0,2,0,1,3,0.3,12,18,3.446075303,,Thursday,94,94,,,,,
13-Jan-22,5,12,12:06,12,,inflow,0,13,Finn Begemann,GBB B,15.67,5.223333333,2,2,10,1,0,0,5,7,230,SW,0,0,0,0,0,0,6,0,0,0,0,0,0,1,1,0.1,0,6,1.148691768,,Thursday,94,94,,,,,
13-Jan-22,5,12,12:06,12,,inflow,0,13,Finn Begemann,GBB C,15.67,5.223333333,2,3,10,1,0,0,5,7,230,SW,0,0,0,0,0,0,0,0,0,0,0,0,0,0,0,0,0,0,0,,Thursday,94,94,,,,,
13-Jan-22,5,12,13:02,13,,inflow,0,13,Finn Begemann,Geldersekade,7,7,4,1,10,1,0,0,5,8,230,SW,0,0,0,0,0,0,0,0,0,0,0,0,0,0,0,0,0,0,0,,Thursday,94,94,,,,,
13-Jan-22,5,12,12:51,12,,inflow,0,13,Finn Begemann,Oudezijdskolkbrug,4,4,5,1,10,1,0,0,5,7,230,SW,6,6,0,0,0,0,30,1,1,0,0,0,0,5,7,0.7,12,42,10.5,,Thursday,94,94,,,,,
13-Jan-22,5,12,12:37,12,,inflow,0,13,Finn Begemann,Piet Heinkade A,16.67,5.556666667,6,1,10,1,0,0,5,7,230,SW,0,0,0,0,0,0,0,0,0,0,0,0,0,0,0,0,0,0,0,,Thursday,94,94,,,,,
13-Jan-22,5,12,12:37,12,,inflow,0,13,Finn Begemann,Piet Heinkade B,16.67,5.556666667,6,2,10,1,0,0,5,7,230,SW,0,0,0,0,0,6,0,0,0,0,0,0,1,0,1,0.1,6,6,1.079784043,,Thursday,94,94,,,,,
13-Jan-22,5,12,12:37,12,,inflow,0,13,Finn Begemann,Piet Heinkade C,16.67,5.556666667,6,3,10,1,0,0,5,7,230,SW,0,0,0,0,0,0,0,0,0,0,0,0,0,0,0,0,0,0,0,,Thursday,94,94,,,,,
13-Jan-22,5,12,11:28,11,,inflow,0,13,Finn Begemann,Westerkanaal,14,14,1,1,10,1,0,0,5,7,240,SW,6,0,0,0,0,6,0,1,0,0,0,0,1,0,2,0.2,12,12,0.857142857,,Thursday,94,94,,,,,
13-Jan-22,5,12,12:22,12,,inflow,0,13,Finn Begemann,Westertoegang A,14,7,3,1,10,1,0,0,5,7,230,SW,0,0,0,0,0,0,12,0,0,0,0,0,0,2,2,0.2,0,12,1.714285714,,Thursday,94,94,,,,,
13-Jan-22,5,12,12:22,12,,inflow,0,13,Finn Begemann,Westertoegang B,14,7,3,2,10,1,0,0,5,7,230,SW,0,0,0,6,6,0,6,0,0,0,1,1,0,1,3,0.3,12,18,2.571428571,,Thursday,94,94,,,,,
28-Jan-22,6,12,10:39,10,,inflow,0,28,Finn Begemann,GBB A,15.67,5.223333333,2,1,10,7.5,0,0,3,5,250,WSW,0,0,0,0,0,6,0,0,0,0,0,0,1,0,1,0.1,6,6,1.148691768,,Friday,1082,94,,,,,
28-Jan-22,6,12,10:39,10,,inflow,0,28,Finn Begemann,GBB B,15.67,5.223333333,2,2,10,7.5,0,0,3,5,250,WSW,0,0,0,0,12,12,0,0,0,0,0,2,2,0,4,0.4,24,24,4.594767071,,Friday,1082,94,,,,,
28-Jan-22,6,12,10:39,10,,inflow,0,28,Finn Begemann,GBB C,15.67,5.223333333,2,3,10,7.5,0,0,3,5,250,WSW,0,0,0,0,6,0,12,0,0,0,0,1,0,2,3,0.3,6,18,3.446075303,,Friday,1082,94,,,,,
28-Jan-22,6,12,11:22,11,,inflow,0,28,Finn Begemann,Geldersekade,7,7,4,1,10,7.5,0,0,2,5,250,WSW,0,0,0,0,0,0,0,0,0,0,0,0,0,0,0,0,0,0,0,,Friday,1082,94,some trash in canal but no movement about 10-15 pieces per 100m. 1 mask.,,,,
28-Jan-22,6,12,11:33,11,,inflow,0,28,Finn Begemann,Oudezijdskolkbrug,4,4,5,1,10,7.5,0,0,2,5,250,WSW,0,0,6,0,6,12,42,0,0,1,0,1,2,7,11,1.1,24,66,16.5,,Friday,1082,94,balloons multilayer?. Whole canal very trashz masks cans bottels 20 pieces per 100m approx. DUCKS EaTING EPS,,,,
28-Jan-22,6,12,11:07,11,,inflow,0,28,Finn Begemann,Piet Heinkade A,16.67,5.556666667,6,1,10,7.5,0,0,2,5,250,WSW,0,0,0,0,0,0,0,0,0,0,0,0,0,0,0,0,0,0,0,,Friday,1082,94,,,,,
28-Jan-22,6,12,11:07,11,,inflow,0,28,Finn Begemann,Piet Heinkade B,16.67,5.556666667,6,2,10,7.5,0,0,2,5,250,WSW,0,0,0,0,0,0,0,0,0,0,0,0,0,0,0,0,0,0,0,,Friday,1082,94,,,,,
28-Jan-22,6,12,11:07,11,,inflow,0,28,Finn Begemann,Piet Heinkade C,16.67,5.556666667,6,3,10,7.5,0,0,2,5,250,WSW,0,0,0,0,0,0,0,0,0,0,0,0,0,0,0,0,0,0,0,,Friday,1082,94,,,,,
28-Jan-22,6,12,10:25,10,,inflow,0,28,Finn Begemann,Westerkanaal,14,14,1,1,10,7.5,0,0,3,5,250,WSW,0,0,0,0,12,6,0,0,0,0,0,2,1,0,3,0.3,18,18,1.285714286,,Friday,1082,94,,,,,
28-Jan-22,6,12,10:52,10,,inflow,0,28,Finn Begemann,Westertoegang A,14,7,3,1,10,7.5,0,0,3,5,250,WSW,0,0,0,0,0,0,0,0,0,0,0,0,0,0,0,0,0,0,0,,Friday,1082,94,,,,,
28-Jan-22,6,12,10:52,10,,inflow,0,28,Finn Begemann,Westertoegang B,14,7,3,2,10,7.5,0,0,3,5,250,WSW,0,0,0,0,0,6,0,0,0,0,0,0,1,0,1,0.1,6,6,0.857142857,,Friday,1082,94,,,,,
10-Feb-22,5,13,13:22,13,,outflow,1,41,Finn Begemann,GBB A,15.67,5.223333333,2,1,10,2.4,4.2,5.4,6,9,270,W,0,0,0,0,0,0,0,0,0,0,0,0,0,0,0,0,0,0,0,,Thursday,1133,78,,,,,
10-Feb-22,5,13,13:22,13,,outflow,1,41,Finn Begemann,GBB B,15.67,5.223333333,2,2,10,2.4,4.2,5.4,6,9,270,W,0,0,0,0,6,0,0,0,0,0,0,1,0,0,1,0.1,6,6,1.148691768,,Thursday,1133,78,,,,,
10-Feb-22,5,13,13:22,13,,outflow,1,41,Finn Begemann,GBB C,15.67,5.223333333,2,3,10,2.4,4.2,5.4,6,9,270,W,0,0,0,0,6,24,6,0,0,0,0,1,4,1,6,0.6,30,36,6.892150606,,Thursday,1133,78,wind pushing plastic to gbb c,,,,
10-Feb-22,5,13,14:14,14,,outflow,1,41,Finn Begemann,Geldersekade,7,7,4,1,10,2.4,4.2,5.4,6,8,270,W,0,0,6,6,12,6,18,0,0,1,1,2,1,3,8,0.8,30,48,6.857142857,,Thursday,1133,78,,,,,
10-Feb-22,5,13,14:25,14,,outflow,1,41,Finn Begemann,Oudezijdskolkbrug,4,4,5,1,10,2.4,4.2,5.4,6,8,270,W,0,0,0,0,0,0,12,0,0,0,0,0,0,2,2,0.2,0,12,3,,Thursday,1133,78,30+ pieces in corner to right of bridge and about 15 pieces 100m upstream mostly ML and rest,,,,
10-Feb-22,5,13,14:00,14,,outflow,1,41,Finn Begemann,Piet Heinkade A,16.67,5.556666667,6,1,10,2.4,4.2,5.4,6,8,270,W,0,0,0,0,0,0,0,0,0,0,0,0,0,0,0,0,0,0,0,,Thursday,1133,78,,,,,
10-Feb-22,5,13,14:00,14,,outflow,1,41,Finn Begemann,Piet Heinkade B,16.67,5.556666667,6,2,10,2.4,4.2,5.4,6,8,270,W,0,0,0,0,0,0,0,0,0,0,0,0,0,0,0,0,0,0,0,,Thursday,1133,78,,,,,
10-Feb-22,5,13,14:00,14,,outflow,1,41,Finn Begemann,Piet Heinkade C,16.67,5.556666667,6,3,10,2.4,4.2,5.4,6,8,270,W,0,0,0,0,0,6,0,0,0,0,0,0,1,0,1,0.1,6,6,1.079784043,,Thursday,1133,78,,,,,
10-Feb-22,5,13,13:08,13,,outflow,1,41,Finn Begemann,Westerkanaal,14,14,1,1,10,2.4,4.2,5.4,6,9,270,W,0,0,0,0,12,12,0,0,0,0,0,2,2,0,4,0.4,24,24,1.714285714,,Thursday,1133,78,about 10 pieces in crner before bridge,,,,
10-Feb-22,5,13,13:35,13,,outflow,1,41,Finn Begemann,Westertoegang A,14,7,3,1,10,2.4,4.2,5.4,6,9,270,W,0,0,0,0,30,0,30,0,0,0,0,5,0,5,10,1,30,60,8.571428571,,Thursday,1133,78,,,,,
10-Feb-22,5,13,13:45,13,,outflow,1,41,Finn Begemann,Westertoegang B,14,7,3,2,10,2.4,4.2,5.4,6,9,270,W,0,0,0,0,18,0,6,0,0,0,0,3,0,1,4,0.4,18,24,3.428571429,,Thursday,1133,78,,,,,
Total,,,,,,,,,,,,,,,2225,,,,,,,,0.583815029,0.439306358,1.398843931,1.439306358,9.502890173,6.786127168,7.427745665,20,16,55,54,354,236,271,1006,0.459633911,20.15028902,27.57803468,,,,,,,,,,
,,,,,,,,,,,,,,,,,,,,,,,,,,,,,,2.00%,1.60%,5.50%,5.40%,35.20%,23.50%,26.90%,avg n/min,avg n/hr,,,,,,,,,,,,
,,,,,,,,,,,,,,,,,,,,,,,,,,,,,,,,,,,,,,,,,,,,,,,,,,
,,,,,,,,,,,,,,,,,,,,,,,,,,,,,,,,,,100.00%,,,,,,,,,,,,,,,,
,,,,,,,,,,,,,,,,,,,,,,,,,,,,,,,,,,,,,,,,,,,,,,,,,,
,,,,,,,,,,,,,,,,,,,,,,,,,,,,,,,,,,,,,,,,,,,,,,,,,,
,,,,,,,,,,,,,,,,,,,,,,,,,,,,,,,,,,,,,,,,,,,,,,,,,,
,,,,,,,,,,,,,,,,,,,,,,,,,,,,,,,,,,,,,,,,,,,,,,,,,,
,,,,,,,,,,,,,,,,,,,,,,,27.57803468,,,,,,,,,,,,,,,,,,,,,,,,,,,
